SET SQL_MODE = "NO_AUTO_VALUE_ON_ZERO";
SET time_zone = "+00:00";


/*!40101 SET @OLD_CHARACTER_SET_CLIENT=@@CHARACTER_SET_CLIENT */;
/*!40101 SET @OLD_CHARACTER_SET_RESULTS=@@CHARACTER_SET_RESULTS */;
/*!40101 SET @OLD_COLLATION_CONNECTION=@@COLLATION_CONNECTION */;
/*!40101 SET NAMES utf8 */;

--
-- Database: `libsystem`
--

-- --------------------------------------------------------

--
-- Table structure for table `admin`
--

CREATE TABLE IF NOT EXISTS `admin` (
`id` INT(11) NOT NULL,
  `username` VARCHAR(30) NOT NULL,
  `password` VARCHAR(60) NOT NULL,
  `firstname` VARCHAR(30) NOT NULL,
  `lastname` VARCHAR(30) NOT NULL,
  `photo` VARCHAR(200) NOT NULL,
  `created_on` DATE NOT NULL
) ENGINE=INNODB AUTO_INCREMENT=2 DEFAULT CHARSET=latin1;

--
-- Dumping data for table `admin`
--

INSERT INTO `admin` (`id`, `username`, `password`, `firstname`, `lastname`, `photo`, `created_on`) VALUES
(1, 'admin', '$2y$10$A7f/KqG5LploFZFm1Hj20OZg/OdZUsbQ1UizMt/z.ottVdMGEBlYy', 'admin', '', 'images.png', '2020-05-05');


-- --------------------------------------------------------

--
-- Table structure for table `books`
--

CREATE TABLE IF NOT EXISTS `books` (
`book_id` VARCHAR(11) NOT NULL,
  `isbn` INT(11) NOT NULL,
  `category_id` VARCHAR(11) NOT NULL,
  `title` TEXT NOT NULL,
  `author` VARCHAR(150),
  `publisher` VARCHAR(150),
  `publish_year` VARCHAR(15),
  `status` INT(1) NOT NULL
) ENGINE=INNODB AUTO_INCREMENT=10 DEFAULT CHARSET=latin1;

-- DROP TABLE books

-- DELETE FROM books
--
-- Dumping data for table `books`
--

INSERT INTO `books` (`book_id`, `isbn`, `category_id`, `title`, `author`, `publisher`, `publish_year`, `status`) VALUES
   ('B1',2100113,'C05','Effective C++','Scott Mayers','Hoobstank','2018',1),
    ('B2',1000234,'C01','Software Engineering','ABCDEF','Jacobs','2018',1),
    ('B3',2013452,'C05','Python Cookbook','ABCDEF','Jacobs','2018',0),
    ('B4',5553456,'C01','Machinery Handbook','ABCDEF','Jacobs','2018',1),
    ('B5',1324634,'C03','A Brief History of Time','Stephen Hawkings','Jacobs','2018',1),
    ('B6',3456723,'C05','Java 2','Herbert','Demo','2018',0),
    ('B7',3011076,'C03','Fundamentals of Wavelets','Goswami, Jaideva','Wiley','2014.',1),
    ('B8',2248846,'C03','Data Smart','Foreman, John','Wiley','2003, c1999.',1),
    ('B9',3209270,'C02','God Created the Integers','Hawking, Stephen','Penguin','2014.',1),
    ('B10',1907265,'C06','Superfreakonomics','Dubner, Stephen','HarperCollins','c1999.',1),
    ('B11',1644616,'C04','Orientalism','Said, Edward','Penguin','1991, c1988.',1),
    ('B12',1736505,'C03','Nature of Statistical Learning Theory, The','Vapnik, Vladimir','Springer','c1997.',0),
    ('B13',1749492,'C04','Integration of the Indian States','Menon, V P','Orient Blackswan','c1989.',0),
    ('B14',3270562,'C03','Drunkard''s Walk, The','Mlodinow, Leonard','Penguin','[2017]',1),
    ('B15',3264577,'C03','Image Processing & Mathematical Morphology','Shih, Frank','CRC','2017.',0),
    ('B16',3236819,'C07','How to Think Like Sherlock Holmes','Konnikova, Maria','Penguin','[2017]',1),
    ('B17',3018388,'C03','Data Scientists at Work','Sebastian Gutierrez','Apress','2014.',1),
    ('B18',3122831,'C08','Slaughterhouse Five','Vonnegut, Kurt','Random House','[2015]',1),
    ('B19',2519097,'C02','Birth of a Theorem','Villani, Cedric','Bodley Head','[2006?]',1),
    ('B20',3274605,'C03','Structure & Interpretation of Computer Programs','Sussman, Gerald','MIT Press','2017.',0),
    ('B21',3265336,'C04','Age of Wrath, The','Eraly, Abraham','Penguin','2017.',0),
    ('B22',3154492,'C08','Trial, The','Kafka, Frank','Random House','c2015.',1),
    ('B23',3167678,'C03','Statistical Decision Theory''','Pratt, John','MIT Press','2016.',1),
    ('B24',3137398,'C03','Data Mining Handbook','Nisbet, Robert','Apress','[2015]',0),
    ('B25',3165211,'C08','New Machiavelli, The','Wells, H. G.','Penguin','2016.',0),
    ('B26',2483968,'C03','Physics & Philosophy','Heisenberg, Werner','Penguin','c2008.',0),
    ('B27',3199800,'C03','Making Software','Oram, Andy','O''Reilly','2016.',1),
    ('B28',2268788,'C02','Analysis, Vol I','Tao, Terence','HBA','2000.',0),
    ('B29',797564,'C03','Machine Learning for Hackers','Conway, Drew','O''Reilly','1960.',1),
    ('B30',2059264,'C03','Signal and the Noise, The','Silver, Nate','Penguin','c2000.',0),
    ('B31',2940843,'C03','Python for Data Analysis','McKinney, Wes','O''Reilly','c2014.',1),
    ('B32',3028235,'C03','Introduction to Algorithms','Cormen, Thomas','MIT Press','[2014]',0),
    ('B33',2985327,'C09','Beautiful and the Damned, The','Deb, Siddhartha','Penguin','©2014',1),
    ('B34',2352640,'C08','Outsider, The','Camus, Albert','Penguin','c2005.',1),
    ('B35',2552455,'C08','Complete Sherlock Holmes, The - Vol I','Doyle, Arthur Conan','Random House','2008.',1),
    ('B36',2242143,'C08','Complete Sherlock Holmes, The - Vol II','Doyle, Arthur Conan','Random House','2004.',1),
    ('B37',3056809,'C06','Wealth of Nations, The','Smith, Adam','Random House','[2015]',1),
    ('B38',2765249,'C08','Pillars of the Earth, The','Follett, Ken','Random House','2012.',1),
    ('B39',1932479,'C09','Mein Kampf','Hitler, Adolf','Rupa','[1983]',1),
    ('B40',476602,'C03','Tao of Physics, The','Capra, Fritjof','Penguin','c1987.',1),
    ('B41',2963138,'C03','Surely You''re Joking Mr Feynman','Feynman, Richard','Random House','2014.',0),
    ('B42',2709870,'C08','Farewell to Arms, A','Hemingway, Ernest','Rupa','2011.',0),
    ('B43',2328787,'C08','Veteran, The','Forsyth, Frederick','Transworld','2005.',1),
    ('B44',2845634,'C08','False Impressions','Archer, Jeffery','Pan','c2012.',0),
    ('B45',11879,'C09','Last Lecture, The','Pausch, Randy','Hyperion','[1973]',0),
    ('B46',3174946,'C04','Return of the Primitive','Rand, Ayn','Penguin','[2016]',0),
    ('B47',168951,'C08','Jurassic Park','Crichton, Michael','Random House','[1958]',1),
    ('B48',2613611,'C09','Russian Journal, A','Steinbeck, John','Penguin','c2009.',1),
    ('B49',3259688,'C08','Tales of Mystery and Imagination','Poe, Edgar Allen','HarperCollins','2016.',1),
    ('B50',2490088,'C06','Freakonomics','Dubner, Stephen','Penguin','2008.',1),
    ('B51',2535499,'C03','Hidden Connections, The','Capra, Fritjof','HarperCollins','1982.',0),
    ('B52',35714,'C04','Story of Philosophy, The','Durant, Will','Pocket','1974.',0),
    ('B53',2737405,'C08','Asami Asami','Deshpande, P L','Mauj','c2012.',1),
    ('B54',2064271,'C08','Journal of a Novel','Steinbeck, John','Penguin','2001.',0),
    ('B55',3160162,'C09','Once There Was a War','Steinbeck, John','Penguin','2016.',1),
    ('B56',2590075,'C08','Moon is Down, The','Steinbeck, John','Penguin','p2009.',0),
    ('B57',3272492,'C08','Brethren, The','Grisham, John','Random House','[2017]',1),
    ('B58',723015,'C08','In a Free State','Naipaul, V. S.','Rupa','1981.',0),
    ('B59',2872935,'C08','Catch 22','Heller, Joseph','Random House','2013.',1),
    ('B60',2792404,'C09','Complete Mastermind, The','BBC','BBC','2011.',0),
    ('B61',2967007,'C09','Dylan on Dylan','Dylan, Bob','Random House','[2014]',0),
    ('B62',2987954,'C03','Soft Computing & Intelligent Systems','Gupta, Madan','Elsevier','2014.',0),
    ('B63',2130621,'C06','Textbook of Economic Theory','Stonier, Alfred','Pearson','c2002.',0),
    ('B64',3167001,'C06','Econometric Analysis','Greene, W. H.','Pearson','2016.',1),
    ('B65',2745277,'C03','Learning OpenCV','Bradsky, Gary','O''Reilly','c2011.',1),
    ('B66',3277676,'C03','Data Structures Using C & C++','Tanenbaum, Andrew','Prentice Hall','2017.',0),
    ('B67',3068849,'C03','Computer Vision, A Modern Approach','Forsyth, David','Pearson','2015.',0),
    ('B68',2044450,'C03','Principles of Communication Systems','Taub, Schilling','TMH','c2000.',0),
    ('B69',443857,'C03','Let Us C','Kanetkar, Yashwant','Prentice Hall','-',1),
    ('B70',2796048,'C08','Amulet of Samarkand, The','Stroud, Jonathan','Random House','2012.',1),
    ('B71',2968611,'C08','Crime and Punishment','Dostoevsky, Fyodor','Penguin','2013.',1),
    ('B72',488817,'C08','Angels & Demons','Brown, Dan','Random House','1988.',1),
    ('B73',3275106,'C09','Argumentative Indian, The','Sen, Amartya','Picador','[2017]',0),
    ('B74',445120,'C08','Sea of Poppies','Ghosh, Amitav','Penguin','-',1),
    ('B75',2874263,'C09','Idea of Justice, The','Sen, Amartya','Penguin','2013.',0),
    ('B76',3220551,'C08','Raisin in the Sun, A','Hansberry, Lorraine','Penguin','2016.',1),
    ('B77',3174467,'C04','All the President''s Men','Woodward, Bob','Random House','[2016]',0),
    ('B78',2440310,'C08','Prisoner of Birth, A','Archer, Jeffery','Pan','c2007.',0),
    ('B79',83737,'C04','Scoop!','Nayar, Kuldip','HarperCollins','[1971]',0),
    ('B80',311693,'C09','Ahe Manohar Tari','Deshpande, Sunita','Mauj','c1945.',1),
    ('B81',3165152,'C04','Last Mughal, The','Dalrymple, William','Penguin','[2016]',1),
    ('B82',3271750,'C06','Social Choice & Welfare, Vol 39 No. 1','Various','Springer','[2010]',0),
    ('B83',2856305,'C09','Radiowaril Bhashane & Shrutika','Deshpande, P L','Mauj','c2012.',1),
    ('B84',1646212,'C09','Gun Gayin Awadi','Deshpande, P L','Mauj','c1994.',0),
    ('B85',732430,'C09','Aghal Paghal','Deshpande, P L','Mauj','1974.',1),
    ('B86',3009698,'C08','Maqta-e-Ghalib','Garg, Sanjay','Mauj','2001, c2000.',0),
    ('B87',292021,'C09','Beyond Degrees',NULL,'HarperCollins','1905.',0),
    ('B88',2176355,'C09','Manasa','Kale, V P','Mauj','1995.',0),
    ('B89',2459355,'C04','India from Midnight to Milennium','Tharoor, Shashi','Penguin','p2002.',0),
    ('B90',2709212,'C04','World''s Greatest Trials, The',NULL,NULL,'2011.',1),
    ('B91',2698355,'C08','Great Indian Novel, The','Tharoor, Shashi','Penguin','2011.',1),
    ('B92',2801586,'C04','O Jerusalem!','Lapierre, Dominique','vikas','c2011.',0),
    ('B93',2083884,'C08','City of Joy, The','Lapierre, Dominique','vikas','c2002.',1),
    ('B94',2697048,'C04','Freedom at Midnight','Lapierre, Dominique','vikas','c2010.',0),
    ('B95',2833067,'C08','Winter of Our Discontent, The','Steinbeck, John','Penguin','2012.',0),
    ('B96',1303954,'C04','On Education','Russell, Bertrand','Routledge','p1990.',1),
    ('B97',2216058,'C04','Free Will','Harris, Sam','FreePress','c2003.',1),
    ('B98',2959221,'C09','Bookless in Baghdad','Tharoor, Shashi','Penguin','c2011.',0),
    ('B99',1804689,'C08','Case of the Lame Canary, The','Gardner, Earle Stanley',NULL,'1998.',0),
    ('B100',2935743,'C03','Theory of Everything, The','Hawking, Stephen','Jaico','c2013.',1),
    ('B101',2566973,'C06','New Markets & Other Essays','Drucker, Peter','Penguin','2009.',0),
    ('B102',441852,'C03','Electric Universe','Bodanis, David','Penguin','-',1),
    ('B103',2900921,'C08','Hunchback of Notre Dame, The','Hugo, Victor','Random House','c2013.',0),
    ('B104',3164326,'C08','Burning Bright','Steinbeck, John','Penguin','[2015]',1),
    ('B105',2582997,'C06','Age of Discontuinity, The','Drucker, Peter','Random House','1937-1950.',0),
    ('B106',450744,'C08','Doctor in the Nude','Gordon, Richard','Penguin','c1889.',0),
    ('B107',3032381,'C09','Down and Out in Paris & London','Orwell, George','Penguin','2014.',0),
    ('B108',2049266,'C04','Identity & Violence','Sen, Amartya','Penguin','2001.',1),
    ('B109',2639784,'C04','Beyond the Three Seas','Dalrymple, William','Random House','-',1),
    ('B110',2973939,'C08','World''s Greatest Short Stories, The',NULL,'Jaico','2014.',1),
    ('B111',2926288,'C09','Talking Straight','Iacoca, Lee',NULL,'2013.',1),
    ('B112',2695359,'C08','Maugham''s Collected Short Stories, Vol 3','Maugham, William S','Vintage','c2011.',1),
    ('B113',2496929,'C08','Phantom of Manhattan, The','Forsyth, Frederick',NULL,'2002.',0),
    ('B114',3118062,'C08','Ashenden of The British Agent','Maugham, William S','Vintage','2015.',0),
    ('B115',517562,'C04','Zen & The Art of Motorcycle Maintenance','Pirsig, Robert','Vintage','c1989.',0),
    ('B116',2653487,'C04','Great War for Civilization, The','Fisk, Robert','HarperCollins','p1998.',0),
    ('B117',3149247,'C08','We the Living','Rand, Ayn','Penguin','p2015.',1),
    ('B118',2363867,'C03','Artist and the Mathematician, The','Aczel, Amir','HighStakes','c2006.',1),
    ('B119',2721929,'C04','History of Western Philosophy','Russell, Bertrand','Routledge','2011.',1),
    ('B120',1801370,'C08','Selected Short Stories',NULL,'Jaico','-',1),
    ('B121',3044157,'C06','Rationality & Freedom','Sen, Amartya','Springer','2014.',1),
    ('B122',251291,'C04','Clash of Civilizations and Remaking of the World Order','Huntington, Samuel','Simon&Schuster','[1932?]',0),
    ('B123',3091442,'C09','Uncommon Wisdom','Capra, Fritjof','Fontana','[2015]',0),
    ('B124',3082810,'C09','One','Bach, Richard','Dell','2015.',0),
    ('B125',1873603,'C09','Karl Marx Biography',NULL,'ABCDE','c1999.',0),
    ('B126',345206,'C08','To Sir With Love','Braithwaite','Penguin','1983.',1),
    ('B127',3262481,'C08','Half A Life','Naipaul, V S','ABCDE','2017.',0),
    ('B128',2973471,'C04','Discovery of India, The','Nehru, Jawaharlal','ABCDE','[2014]',0),
    ('B129',3093908,'C09','Apulki','Deshpande, P L','ABCDE','[2014]',1),
    ('B130',2760676,'C04','Unpopular Essays','Russell, Bertrand','ABCDE','2012.',0),
    ('B131',2001090,'C08','Deceiver, The','Forsyth, Frederick','ABCDE','2001.',1),
    ('B132',2774333,'C04','Veil: Secret Wars of the CIA','Woodward, Bob','ABCDE','[2012].',1),
    ('B133',2667150,'C09','Char Shabda','Deshpande, P L','ABCDE','2010.',1),
    ('B134',2622635,'C08','Rosy is My Relative','Durrell, Gerald','ABCDE','c2010.',1),
    ('B135',258271,'C08','Moon and Sixpence, The','Maugham, William S','ABCDE','[1909]',0),
    ('B136',3286332,'C04','Political Philosophers',NULL,'ABCDE','[2017]',1),
    ('B137',204414,'C04','Short History of the World, A','Wells, H G','ABCDE','1956 [1960]',1),
    ('B138',3056858,'C08','Trembling of a Leaf, The','Maugham, William S','ABCDE','2014.',1),
    ('B139',1591913,'C08','Doctor on the Brain','Gordon, Richard','ABCDE','c1987.',1),
    ('B140',2730727,'C03','Simpsons & Their Mathematical Secrets','Singh, Simon','ABCDE','2011.',1),
    ('B141',2918726,'C03','Pattern Classification','Duda, Hart','ABCDE','p2013.',0),
    ('B142',2638542,'C04','From Beirut to Jerusalem','Friedman, Thomas','ABCDE','c2010.',0),
    ('B143',2449232,'C03','Code Book, The','Singh, Simon','ABCDE','c2006.',1),
    ('B144',2830815,'C04','Age of the Warrior, The','Fisk, Robert','ABCDE','c2012.',0),
    ('B145',3136799,'C09','Final Crisis',NULL,'ABCDE','[2016]',1),
    ('B146',3102588,'C09','Killing Joke, The',NULL,'ABCDE','[2015]',1),
    ('B147',2865436,'C09','Flashpoint',NULL,'ABCDE','2013.',1),
    ('B148',2627459,'C09','Batman Earth One',NULL,'ABCDE','p2009.',0),
    ('B149',2389604,'C09','Crisis on Infinite Earths',NULL,'ABCDE','2005.',1),
    ('B150',2016155,'C03','Numbers Behind Numb3rs, The','Devlin, Keith','ABCDE','c2000.',1),
    ('B151',1731789,'C09','Superman Earth One - 1',NULL,'ABCDE','1996.',1),
    ('B152',3254362,'C09','Superman Earth One - 2',NULL,'ABCDE','c2017.',0),
    ('B153',438742,'C09','Justice League: Tbook_id, hrone of Atlantis',NULL,'ABCDE','-',0),
    ('B154',2802318,'C09','Justice League: The Villain''s Journey',NULL,'ABCDE','2012, c2004.',0),
    ('B155',3204880,'C09','Death of Superman, The',NULL,'ABCDE','[2016]',1),
    ('B156',2835411,'C09','History of the DC Universe',NULL,'ABCDE','c2012.',1);



-- --------------------------------------------------------

--
-- Table structure for table `borrow`
--

CREATE TABLE IF NOT EXISTS `borrow` (
`borrow_id` VARCHAR(11) NOT NULL,
  `student_id` VARCHAR(11)NOT NULL,
  `book_id` VARCHAR(11) NOT NULL,
  `date_borrow` DATE NOT NULL
) ENGINE=INNODB AUTO_INCREMENT=25 DEFAULT CHARSET=latin1;

-- DROP TABLE borrow

-- DELETE FROM borrow

--
-- Dumping data for table `borrow`
--


INSERT INTO `borrow` (`borrow_id`, `student_id`, `book_id`, `date_borrow`) VALUES
  ('BR01','14S19021','B154','2018-05-04 00:00:00'),
    ('BR02','14S19022','B7','2018-05-04 00:00:00'),
    ('BR03','14S19023','B33','2018-06-26 00:00:00'),
    ('BR04','14S19024','B82','2018-06-26 00:00:00'),
    ('BR05','14S17050','B83','2018-06-26 00:00:00'),
    ('BR06','14S17050','B83','2020-05-06 00:00:00'),
    ('BR07','14S17051','B107','2020-05-06 00:00:00'),
    ('BR08','14S17054','B146','2018-01-15 00:00:00'),
    ('BR09','14S17059','B110','2018-01-15 00:00:00'),
    ('BR10','14S19022','B138','2018-01-20 00:00:00'),
    ('BR11','14S19023','B104','2018-01-20 00:00:00'),
    ('BR12','14S19024','B24','2018-01-20 00:00:00'),
    ('BR13','14S19025','B97','2018-01-20 00:00:00'),
    ('BR14','14S19026','B69','2018-01-21 00:00:00'),
    ('BR15','14S19027','B113','2018-02-01 00:00:00'),
    ('BR16','14S17051','B11','2018-02-01 00:00:00'),
    ('BR17','14S17054','B69','2018-02-15 00:00:00'),
    ('BR18','14S17059','B75','2018-02-15 00:00:00'),
    ('BR19','31S18008','B55','2018-02-23 00:00:00'),
    ('BR20','31S18010','B17','2018-02-23 00:00:00'),
    ('BR21','11418049','B59','2018-03-05 00:00:00'),
    ('BR22','11418051','B47','2018-03-05 00:00:00'),
    ('BR23','11418052','B128','2018-03-07 00:00:00'),
    ('BR24','11418053','B95','2018-03-18 00:00:00'),
    ('BR25','11418054','B52','2018-03-19 00:00:00'),
    ('BR26','14S18052','B93','2018-03-20 00:00:00'),
    ('BR27','14S19001','B22','2018-03-21 00:00:00'),
    ('BR28','14S19002','B124','2018-03-21 00:00:00'),
    ('BR29','14S19003','B9','2018-03-31 00:00:00'),
    ('BR30','11319016','B82','2018-03-31 00:00:00'),
    ('BR31','11319017','B108','2018-04-13 00:00:00'),
    ('BR32','11319018','B39','2018-04-13 00:00:00'),
    ('BR33','11319019','B54','2018-04-15 00:00:00'),
    ('BR34','14S19014','B101','2018-04-15 00:00:00'),
    ('BR35','14S19015','B74','2018-04-17 00:00:00'),
    ('BR36','14S19016','B106','2018-07-13 00:00:00'),
    ('BR37','14S19017','B80','2018-07-13 00:00:00'),
    ('BR38','14S19018','B101','2018-07-17 00:00:00'),
    ('BR39','14S18052','B69','2018-07-17 00:00:00'),
    ('BR40','14S19001','B93','2018-07-23 00:00:00'),
    ('BR41','14S19002','B44','2018-07-28 00:00:00'),
    ('BR42','14S19003','B138','2018-08-01 00:00:00'),
    ('BR43','14S19004','B1','2018-08-01 00:00:00'),
    ('BR44','14S19005','B73','2018-08-01 00:00:00'),
    ('BR45','14S19006','B23','2018-08-05 00:00:00'),
    ('BR46','14S19007','B66','2018-08-05 00:00:00'),
    ('BR47','14S19008','B64','2018-08-05 00:00:00'),
    ('BR48','14S19009','B66','2018-08-21 00:00:00'),
    ('BR49','11418033','B10','2018-09-16 00:00:00'),
    ('BR50','11418034','B28','2018-09-16 00:00:00'),
    ('BR51','11418035','B124','2018-09-17 00:00:00'),
    ('BR52','11418038','B82','2018-09-19 00:00:00'),
    ('BR53','11418039','B57','2018-09-19 00:00:00'),
    ('BR54','11418040','B3','2018-09-19 00:00:00'),
    ('BR55','11418041','B131','2018-09-23 00:00:00'),
    ('BR56','11418042','B78','2018-09-24 00:00:00'),
    ('BR57','14S17036','B133','2018-09-25 00:00:00'),
    ('BR58','14S17050','B27','2018-09-26 00:00:00'),
    ('BR59','14S17051','B153','2018-09-27 00:00:00'),
    ('BR60','14S17054','B40','2018-09-28 00:00:00'),
    ('BR61','14S17059','B124','2018-10-03 00:00:00'),
    ('BR62','11418031','B112','2018-10-03 00:00:00'),
    ('BR63','11418032','B91','2018-10-13 00:00:00'),
    ('BR64','11418033','B26','2018-10-13 00:00:00'),
    ('BR65','31S18008','B145','2018-10-13 00:00:00'),
    ('BR66','31S18010','B22','2018-10-23 00:00:00'),
    ('BR67','31S18014','B73','2018-10-23 00:00:00'),
    ('BR68','31S18025','B91','2018-10-30 00:00:00'),
    ('BR69','31S19001','B92','2018-10-30 00:00:00'),
    ('BR70','31S19002','B89','2018-10-31 00:00:00'),
    ('BR71','31S19003','B54','2018-10-31 00:00:00'),
    ('BR72','31S19004','B67','2018-10-31 00:00:00'),
    ('BR73','31S19005','B95','2018-10-31 00:00:00'),
    ('BR74','31S19006','B67','2018-11-01 00:00:00'),
    ('BR75','31S19007','B33','2018-11-02 00:00:00'),
    ('BR76','31S19008','B49','2018-11-02 00:00:00'),
    ('BR77','31S19009','B156','2018-11-02 00:00:00'),
    ('BR78','14S17012','B124','2018-11-03 00:00:00'),
    ('BR79','14S17033','B68','2018-11-04 00:00:00'),
    ('BR80','11319009','B57','2018-11-15 00:00:00'),
    ('BR81','11319010','B32','2018-11-15 00:00:00'),
    ('BR82','11319011','B51','2018-11-21 00:00:00'),
    ('BR83','11319012','B2','2018-11-22 00:00:00'),
    ('BR84','11319013','B107','2018-11-23 00:00:00'),
    ('BR85','11319014','B125','2018-12-02 00:00:00'),
    ('BR86','11319015','B24','2018-12-03 00:00:00'),
    ('BR87','11319016','B5','2018-12-05 00:00:00'),
    ('BR88','11319017','B68','2018-12-06 00:00:00'),
    ('BR89','11319018','B129','2018-12-07 00:00:00'),
    ('BR90','11319019','B6','2018-12-10 00:00:00'),
    ('BR91','11319020','B74','2018-12-11 00:00:00'),
    ('BR92','11319008','B119','2018-12-12 00:00:00'),
    ('BR93','12S17001','B6','2019-01-10 00:00:00'),
    ('BR94','12S17002','B8','2019-01-11 00:00:00'),
    ('BR95','12S17003','B10','2019-01-12 00:00:00'),
    ('BR96','12S17004','B12','2019-01-13 00:00:00'),
    ('BR97','12S17005','B14','2019-01-14 00:00:00'),
    ('BR98','12S17006','B16','2019-01-15 00:00:00'),
    ('BR99','12S17007','B18','2019-01-16 00:00:00'),
    ('BR100','12S17008','B20','2019-01-16 00:00:00'),
    ('BR101','12S17009','B22','2019-01-16 00:00:00'),
    ('BR102','12S17011','B24','2019-01-19 00:00:00'),
    ('BR103','12S17012','B26','2019-01-21 00:00:00'),
    ('BR104','12S17013','B28','2019-01-22 00:00:00'),
    ('BR105','12S17014','B30','2019-01-23 00:00:00'),
    ('BR106','11319002','B32','2019-01-24 00:00:00'),
    ('BR107','11319003','B34','2019-01-25 00:00:00'),
    ('BR108','11319004','B36','2019-01-26 00:00:00'),
    ('BR109','11319005','B38','2019-01-26 00:00:00'),
    ('BR110','11319006','B40','2019-01-28 00:00:00'),
    ('BR111','11319008','B42','2019-01-29 00:00:00'),
    ('BR112','11319009','B44','2019-01-30 00:00:00'),
    ('BR113','11319010','B46','2019-02-06 00:00:00'),
    ('BR114','11319011','B48','2019-02-06 00:00:00'),
    ('BR115','12S17015','B5','2019-02-06 00:00:00'),
    ('BR116','12S17016','B7','2019-02-06 00:00:00'),
    ('BR117','12S17017','B9','2019-02-06 00:00:00'),
    ('BR118','12S17018','B11','2019-02-06 00:00:00'),
    ('BR119','12S17020','B13','2019-02-12 00:00:00'),
    ('BR120','12S17021','B15','2019-02-13 00:00:00'),
    ('BR121','11S19006','B17','2019-02-14 00:00:00'),
    ('BR122','11S19007','B19','2019-02-15 00:00:00'),
    ('BR123','11S19008','B21','2019-02-16 00:00:00'),
    ('BR124','11S19009','B23','2019-02-17 00:00:00'),
    ('BR125','11S19010','B25','2019-02-18 00:00:00'),
    ('BR126','11S19011','B27','2019-02-19 00:00:00'),
    ('BR127','11S19012','B29','2019-02-20 00:00:00'),
    ('BR128','11S19013','B31','2019-02-21 00:00:00'),
    ('BR129','11S19014','B33','2019-02-22 00:00:00'),
    ('BR130','31S18002','B9','2019-02-23 00:00:00'),
    ('BR131','31S18008','B12','2019-02-24 00:00:00'),
    ('BR132','31S18010','B15','2019-02-25 00:00:00'),
    ('BR133','31S18014','B18','2019-02-26 00:00:00'),
    ('BR134','31S18025','B21','2019-02-27 00:00:00'),
    ('BR135','12S17023','B24','2019-02-28 00:00:00'),
    ('BR136','12S17024','B27','2019-02-28 00:00:00'),
    ('BR137','12S17025','B30','2019-03-01 00:00:00'),
    ('BR138','12S17026','B33','2019-03-02 00:00:00'),
    ('BR139','12S17027','B36','2019-03-03 00:00:00'),
    ('BR140','31S19002','B39','2019-03-04 00:00:00'),
    ('BR141','31S19003','B42','2019-03-05 00:00:00'),
    ('BR142','31S19004','B45','2019-03-06 00:00:00'),
    ('BR143','31S19005','B48','2019-03-07 00:00:00'),
    ('BR144','11S19001','B51','2019-03-08 00:00:00'),
    ('BR145','11S19002','B54','2019-03-09 00:00:00'),
    ('BR146','11S19003','B57','2019-03-10 00:00:00'),
    ('BR147','11S19004','B60','2019-03-11 00:00:00'),
    ('BR148','11S19005','B63','2019-03-12 00:00:00'),
    ('BR149','11S19006','B66','2019-03-13 00:00:00'),
    ('BR150','11S19007','B69','2019-03-14 00:00:00'),
    ('BR151','11S19008','B72','2019-03-14 00:00:00'),
    ('BR152','11S19009','B75','2019-03-14 00:00:00'),
    ('BR153','11S19010','B78','2019-03-14 00:00:00'),
    ('BR154','11S19011','B81','2019-03-14 00:00:00'),
    ('BR155','11S19012','B84','2019-03-14 00:00:00'),
    ('BR156','11S19013','B87','2019-03-20 00:00:00'),
    ('BR157','11S19014','B90','2019-03-21 00:00:00'),
    ('BR158','31S18002','B93','2019-03-22 00:00:00'),
    ('BR159','31S18008','B96','2019-03-23 00:00:00'),
    ('BR160','31S18010','B99','2019-03-24 00:00:00'),
    ('BR161','31S18014','B102','2019-03-25 00:00:00'),
    ('BR162','11418033','B105','2019-03-26 00:00:00'),
    ('BR163','11418034','B108','2019-03-27 00:00:00'),
    ('BR164','11418035','B111','2019-03-28 00:00:00'),
    ('BR165','11418038','B114','2019-03-29 00:00:00'),
    ('BR166','11418039','B117','2019-03-30 00:00:00'),
    ('BR167','11418040','B120','2019-03-31 00:00:00'),
    ('BR168','11418041','B123','2019-04-01 00:00:00'),
    ('BR169','11418042','B126','2019-04-02 00:00:00'),
    ('BR170','11418043','B43','2019-04-03 00:00:00'),
    ('BR171','11418044','B47','2019-04-04 00:00:00'),
    ('BR172','11418045','B51','2019-04-04 00:00:00'),
    ('BR173','14S19015','B55','2019-04-04 00:00:00'),
    ('BR174','14S19016','B59','2019-04-04 00:00:00'),
    ('BR175','14S19017','B63','2019-04-04 00:00:00'),
    ('BR176','14S19018','B67','2019-04-04 00:00:00'),
    ('BR177','14S19019','B71','2019-04-04 00:00:00'),
    ('BR178','14S19020','B75','2019-04-04 00:00:00'),
    ('BR179','14S19021','B79','2019-04-04 00:00:00'),
    ('BR180','14S19022','B83','2019-04-04 00:00:00'),
    ('BR181','14S19023','B87','2019-04-05 00:00:00'),
    ('BR182','14S19024','B91','2019-04-06 00:00:00'),
    ('BR183','14S19025','B95','2019-04-07 00:00:00'),
    ('BR184','14S19026','B99','2019-04-08 00:00:00'),
    ('BR185','14S19027','B103','2019-04-09 00:00:00'),
    ('BR186','12S17001','B107','2019-04-10 00:00:00'),
    ('BR187','12S17002','B111','2019-04-11 00:00:00'),
    ('BR188','12S17003','B115','2019-04-12 00:00:00'),
    ('BR189','12S17004','B119','2019-04-13 00:00:00'),
    ('BR190','12S17005','B123','2019-04-14 00:00:00'),
    ('BR191','12S17006','B127','2019-04-15 00:00:00'),
    ('BR192','12S17007','B131','2019-04-16 00:00:00'),
    ('BR193','12S17008','B135','2019-04-17 00:00:00'),
    ('BR194','12S17009','B7','2019-04-27 00:00:00'),
    ('BR195','12S17011','B12','2019-04-28 00:00:00'),
    ('BR196','12S17012','B17','2019-04-29 00:00:00'),
    ('BR197','12S17013','B22','2019-04-30 00:00:00'),
    ('BR198','12S17014','B27','2019-05-01 00:00:00'),
    ('BR199','12S17015','B32','2019-05-02 00:00:00'),
    ('BR200','12S17026','B37','2019-05-03 00:00:00'),
    ('BR201','12S17027','B42','2019-05-04 00:00:00'),
    ('BR202','11319001','B47','2019-05-05 00:00:00'),
    ('BR203','11319002','B52','2019-05-06 00:00:00'),
    ('BR204','11319003','B57','2019-05-07 00:00:00'),
    ('BR205','11319004','B62','2019-05-08 00:00:00'),
    ('BR206','11319005','B67','2019-05-09 00:00:00'),
    ('BR207','11319006','B72','2019-05-10 00:00:00'),
    ('BR208','11319008','B77','2019-05-11 00:00:00'),
    ('BR209','11319009','B82','2019-05-12 00:00:00'),
    ('BR210','11319014','B87','2019-05-13 00:00:00'),
    ('BR211','11319015','B92','2019-05-14 00:00:00'),
    ('BR212','11319016','B97','2019-05-15 00:00:00'),
    ('BR213','11319017','B102','2019-05-16 00:00:00'),
    ('BR214','11319018','B107','2019-05-17 00:00:00'),
    ('BR215','11319019','B112','2019-05-18 00:00:00'),
    ('BR216','11319020','B117','2019-05-19 00:00:00'),
    ('BR217','11S19001','B122','2019-05-20 00:00:00'),
    ('BR218','11S19002','B127','2019-05-21 00:00:00'),
    ('BR219','11S19003','B132','2019-05-22 00:00:00'),
    ('BR220','11S19004','B137','2019-05-23 00:00:00'),
    ('BR221','11S19005','B142','2019-05-24 00:00:00'),
    ('BR222','11S19006','B147','2019-05-25 00:00:00'),
    ('BR223','11S19007','B152','2019-05-26 00:00:00'),
    ('BR224','11S19008','B45','2019-05-26 00:00:00'),
    ('BR225','11S19009','B45','2019-05-26 00:00:00'),
    ('BR226','11S19010','B45','2019-05-26 00:00:00'),
    ('BR227','11S19011','B45','2019-05-26 00:00:00'),
    ('BR228','11S19012','B30','2019-05-27 00:00:00'),
    ('BR229','11S19013','B32','2019-05-28 00:00:00'),
    ('BR230','11S19014','B34','2019-05-29 00:00:00'),
    ('BR231','31S18002','B36','2019-05-30 00:00:00'),
    ('BR232','31S18008','B38','2019-05-31 00:00:00'),
    ('BR233','31S18010','B40','2019-06-01 00:00:00'),
    ('BR234','31S18014','B42','2019-06-02 00:00:00'),
    ('BR235','31S18025','B44','2019-06-03 00:00:00'),
    ('BR236','31S19001','B46','2019-06-04 00:00:00'),
    ('BR237','31S19002','B48','2019-06-05 00:00:00'),
    ('BR238','31S19003','B50','2019-06-06 00:00:00'),
    ('BR239','31S19004','B52','2019-06-07 00:00:00'),
    ('BR240','31S19005','B54','2019-06-08 00:00:00'),
    ('BR241','31S19006','B56','2019-06-09 00:00:00'),
    ('BR242','31S19007','B71','2019-06-10 00:00:00'),
    ('BR243','31S19008','B82','2019-06-10 00:00:00'),
    ('BR244','31S19009','B93','2019-06-10 00:00:00'),
    ('BR245','14S17012','B104','2019-06-10 00:00:00'),
    ('BR246','14S17033','B115','2019-06-10 00:00:00'),
    ('BR247','14S17036','B126','2019-06-10 00:00:00'),
    ('BR248','14S17050','B137','2019-06-10 00:00:00'),
    ('BR249','14S17051','B148','2019-06-11 00:00:00'),
    ('BR250','14S17054','B4','2019-06-12 00:00:00'),
    ('BR251','14S17059','B10','2019-06-13 00:00:00'),
    ('BR252','11418031','B48','2019-06-14 00:00:00'),
    ('BR253','11418032','B50','2019-06-15 00:00:00'),
    ('BR254','11418033','B52','2019-06-16 00:00:00'),
    ('BR255','11418034','B54','2019-06-17 00:00:00'),
    ('BR256','11418035','B56','2019-06-18 00:00:00'),
    ('BR257','11418038','B71','2019-06-19 00:00:00'),
    ('BR258','11418039','B82','2019-06-20 00:00:00'),
    ('BR259','11418040','B93','2019-06-21 00:00:00'),
    ('BR260','11418041','B92','2019-06-21 00:00:00'),
    ('BR261','11418042','B97','2019-06-21 00:00:00'),
    ('BR262','11418043','B102','2019-06-21 00:00:00'),
    ('BR263','11418044','B107','2019-06-21 00:00:00'),
    ('BR264','11418045','B112','2019-06-22 00:00:00'),
    ('BR265','11418046','B117','2019-06-23 00:00:00'),
    ('BR266','11418047','B122','2019-06-24 00:00:00'),
    ('BR267','11418048','B127','2019-06-25 00:00:00'),
    ('BR268','11418049','B132','2019-06-26 00:00:00'),
    ('BR269','11418051','B90','2019-06-27 00:00:00'),
    ('BR270','11418052','B93','2019-06-28 00:00:00'),
    ('BR271','11418053','B96','2019-06-29 00:00:00'),
    ('BR272','11418054','B99','2019-06-30 00:00:00'),
    ('BR273','11418055','B102','2019-07-01 00:00:00'),
    ('BR274','11418056','B105','2019-07-02 00:00:00'),
    ('BR275','11418058','B108','2019-07-03 00:00:00'),
    ('BR276','11418059','B111','2019-07-04 00:00:00'),
    ('BR277','14S18052','B114','2019-07-05 00:00:00'),
    ('BR278','14S19001','B117','2019-07-05 00:00:00'),
    ('BR279','14S19002','B120','2019-07-05 00:00:00'),
    ('BR280','14S19003','B123','2019-07-05 00:00:00'),
    ('BR281','14S19004','B123','2019-07-05 00:00:00'),
    ('BR282','14S19005','B123','2019-07-06 00:00:00'),
    ('BR283','14S19006','B123','2019-07-07 00:00:00'),
    ('BR284','14S19007','B123','2019-07-08 00:00:00'),
    ('BR285','14S19008','B123','2019-07-09 00:00:00'),
    ('BR286','14S19009','B123','2019-07-10 00:00:00'),
    ('BR287','14S19010','B123','2019-07-11 00:00:00'),
    ('BR288','14S19011','B123','2019-07-12 00:00:00'),
    ('BR289','14S19008','B123','2019-07-13 00:00:00'),
    ('BR290','14S19009','B123','2019-07-14 00:00:00'),
    ('BR291','12S17020','B123','2019-07-14 00:00:00'),
    ('BR292','12S17021','B24','2019-07-14 00:00:00'),
    ('BR293','12S17023','B26','2019-07-14 00:00:00'),
    ('BR294','12S17024','B28','2019-07-14 00:00:00'),
    ('BR295','12S17025','B30','2019-07-14 00:00:00'),
    ('BR296','12S17026','B32','2019-07-15 00:00:00'),
    ('BR297','12S17027','B34','2019-07-16 00:00:00'),
    ('BR298','11319001','B36','2019-07-17 00:00:00'),
    ('BR299','11319002','B38','2019-07-18 00:00:00'),
    ('BR300','11319003','B40','2019-07-19 00:00:00'),
    ('BR301','11319004','B42','2019-07-20 00:00:00'),
    ('BR302','11319005','B44','2019-07-21 00:00:00'),
    ('BR303','11319006','B46','2019-07-22 00:00:00'),
    ('BR304','11319008','B48','2019-07-23 00:00:00'),
    ('BR305','11319009','B5','2019-07-24 00:00:00'),
    ('BR306','11418051','B7','2019-07-25 00:00:00'),
    ('BR307','11418052','B9','2019-07-26 00:00:00'),
    ('BR308','11418053','B11','2019-07-27 00:00:00'),
    ('BR309','11418054','B13','2019-07-28 00:00:00'),
    ('BR310','11418055','B15','2019-07-29 00:00:00'),
    ('BR311','11418056','B17','2019-07-30 00:00:00'),
    ('BR312','11418058','B19','2019-07-31 00:00:00'),
    ('BR313','14S19018','B21','2019-08-01 00:00:00'),
    ('BR314','14S19019','B23','2019-08-02 00:00:00'),
    ('BR315','14S19020','B25','2019-08-03 00:00:00'),
    ('BR316','14S19021','B27','2019-08-04 00:00:00'),
    ('BR317','14S19022','B29','2019-08-05 00:00:00'),
    ('BR318','14S19023','B31','2019-08-06 00:00:00'),
    ('BR319','14S19024','B33','2019-08-07 00:00:00'),
    ('BR320','14S19025','B9','2019-08-08 00:00:00'),
    ('BR321','14S19026','B12','2019-08-08 00:00:00'),
    ('BR322','14S19027','B15','2019-08-08 00:00:00'),
    ('BR323','31S19003','B18','2019-08-08 00:00:00'),
    ('BR324','31S19004','B21','2019-08-08 00:00:00'),
    ('BR325','31S19005','B24','2019-08-08 00:00:00'),
    ('BR326','31S19006','B27','2019-08-08 00:00:00'),
    ('BR327','31S19007','B30','2019-08-08 00:00:00'),
    ('BR328','31S19008','B33','2019-08-08 00:00:00'),
    ('BR329','31S19009','B36','2019-08-08 00:00:00'),
    ('BR330','14S17012','B39','2019-08-08 00:00:00'),
    ('BR331','14S17033','B42','2019-09-09 00:00:00'),
    ('BR332','14S17036','B45','2019-09-10 00:00:00'),
    ('BR333','14S17050','B48','2019-09-11 00:00:00'),
    ('BR334','14S17051','B51','2019-09-12 00:00:00'),
    ('BR335','14S17054','B54','2019-09-13 00:00:00'),
    ('BR336','14S17059','B57','2019-09-14 00:00:00'),
    ('BR337','11S19005','B60','2019-09-15 00:00:00'),
    ('BR338','11S19006','B63','2019-09-16 00:00:00'),
    ('BR339','11S19007','B66','2019-09-17 00:00:00'),
    ('BR340','11S19008','B69','2019-09-18 00:00:00'),
    ('BR341','11S19009','B72','2019-09-19 00:00:00'),
    ('BR342','11S19010','B75','2019-09-20 00:00:00'),
    ('BR343','11S19011','B78','2019-09-21 00:00:00'),
    ('BR344','11S19012','B81','2019-09-22 00:00:00'),
    ('BR345','11S19013','B84','2019-09-23 00:00:00'),
    ('BR346','11S19014','B87','2019-09-24 00:00:00'),
    ('BR347','14S19020','B90','2019-09-25 00:00:00'),
    ('BR348','14S19021','B93','2019-09-26 00:00:00'),
    ('BR349','14S19022','B96','2019-09-27 00:00:00'),
    ('BR350','14S19023','B99','2019-09-28 00:00:00'),
    ('BR351','14S19024','B102','2019-09-29 00:00:00'),
    ('BR352','14S19025','B105','2019-09-30 00:00:00'),
    ('BR353','14S19026','B108','2019-10-01 00:00:00'),
    ('BR354','14S19027','B111','2019-10-02 00:00:00'),
    ('BR355','31S19003','B114','2019-10-03 00:00:00'),
    ('BR356','31S19004','B117','2019-10-04 00:00:00'),
    ('BR357','31S19005','B120','2019-10-05 00:00:00'),
    ('BR358','31S19006','B123','2019-10-06 00:00:00'),
    ('BR359','31S19007','B126','2019-10-07 00:00:00'),
    ('BR360','31S19008','B43','2019-10-08 00:00:00'),
    ('BR361','31S19009','B47','2019-10-09 00:00:00'),
    ('BR362','14S17012','B51','2019-10-10 00:00:00'),
    ('BR363','14S17033','B55','2019-10-11 00:00:00'),
    ('BR364','14S17036','B59','2019-10-12 00:00:00'),
    ('BR365','14S17050','B63','2019-10-13 00:00:00'),
    ('BR366','14S17051','B67','2019-10-13 00:00:00'),
    ('BR367','14S19024','B71','2019-10-13 00:00:00'),
    ('BR368','14S19025','B75','2019-10-13 00:00:00'),
    ('BR369','14S19026','B79','2019-10-13 00:00:00'),
    ('BR370','14S19027','B83','2019-10-13 00:00:00'),
    ('BR371','11418046','B87','2019-10-13 00:00:00'),
    ('BR372','11418047','B91','2019-10-13 00:00:00'),
    ('BR373','11418048','B95','2019-10-13 00:00:00'),
    ('BR374','11418049','B99','2019-10-13 00:00:00'),
    ('BR375','11418051','B103','2019-10-13 00:00:00'),
    ('BR376','11418052','B107','2019-10-13 00:00:00'),
    ('BR377','11418053','B111','2019-10-13 00:00:00'),
    ('BR378','11418054','B115','2019-10-13 00:00:00'),
    ('BR379','11418055','B119','2019-10-13 00:00:00'),
    ('BR380','11418056','B123','2019-10-13 00:00:00'),
    ('BR381','11418058','B127','2019-10-14 00:00:00'),
    ('BR382','11418059','B131','2019-10-15 00:00:00'),
    ('BR383','14S18052','B135','2019-10-16 00:00:00'),
    ('BR384','14S19001','B7','2019-10-17 00:00:00'),
    ('BR385','14S19002','B12','2019-10-18 00:00:00'),
    ('BR386','14S19003','B17','2019-10-19 00:00:00'),
    ('BR387','14S19004','B22','2019-10-20 00:00:00'),
    ('BR388','11319015','B27','2019-10-21 00:00:00'),
    ('BR389','11319016','B32','2019-10-22 00:00:00'),
    ('BR390','11319017','B37','2019-10-23 00:00:00'),
    ('BR391','11319018','B42','2019-10-24 00:00:00'),
    ('BR392','11319019','B47','2019-10-25 00:00:00'),
    ('BR393','11319020','B52','2019-10-26 00:00:00'),
    ('BR394','11S19001','B57','2019-10-27 00:00:00'),
    ('BR395','11S19002','B62','2019-10-28 00:00:00'),
    ('BR396','11S19003','B67','2019-10-29 00:00:00'),
    ('BR397','11S19004','B72','2019-10-30 00:00:00'),
    ('BR398','11S19005','B77','2019-10-31 00:00:00'),
    ('BR399','11418033','B82','2019-11-01 00:00:00'),
    ('BR400','11418034','B72','2019-11-02 00:00:00'),
    ('BR401','11418035','B77','2019-11-03 00:00:00'),
    ('BR402','11418038','B82','2019-11-04 00:00:00'),
    ('BR403','11418039','B87','2019-11-05 00:00:00'),
    ('BR404','11418040','B92','2019-11-06 00:00:00'),
    ('BR405','11418041','B97','2019-11-07 00:00:00'),
    ('BR406','11418042','B102','2019-11-07 00:00:00'),
    ('BR407','11418043','B107','2019-11-07 00:00:00'),
    ('BR408','11418044','B112','2019-11-07 00:00:00'),
    ('BR409','11418045','B117','2019-11-07 00:00:00'),
    ('BR410','11418046','B122','2019-11-07 00:00:00'),
    ('BR411','11418047','B127','2019-11-07 00:00:00'),
    ('BR412','11418048','B132','2019-11-07 00:00:00'),
    ('BR413','11418049','B137','2019-11-07 00:00:00'),
    ('BR414','11418051','B142','2019-11-08 00:00:00'),
    ('BR415','11418052','B147','2019-11-09 00:00:00'),
    ('BR416','11418053','B152','2019-11-10 00:00:00'),
    ('BR417','14S19019','B45','2019-11-11 00:00:00'),
    ('BR418','14S19020','B45','2019-11-12 00:00:00'),
    ('BR419','14S19021','B45','2019-11-13 00:00:00'),
    ('BR420','14S19022','B18','2019-11-14 00:00:00'),
    ('BR421','14S19023','B20','2019-11-15 00:00:00'),
    ('BR422','14S19024','B22','2019-11-16 00:00:00'),
    ('BR423','14S19025','B24','2019-11-17 00:00:00'),
    ('BR424','14S19026','B26','2019-11-18 00:00:00'),
    ('BR425','14S19027','B28','2019-11-19 00:00:00'),
    ('BR426','12S17001','B30','2019-11-20 00:00:00'),
    ('BR427','12S17002','B32','2019-11-21 00:00:00'),
    ('BR428','12S17003','B34','2019-11-22 00:00:00'),
    ('BR429','12S17004','B36','2019-11-22 00:00:00'),
    ('BR430','12S17005','B38','2019-11-22 00:00:00'),
    ('BR431','12S17006','B40','2019-11-22 00:00:00'),
    ('BR432','12S17007','B42','2019-11-22 00:00:00'),
    ('BR433','12S17008','B19','2019-11-22 00:00:00'),
    ('BR434','12S17009','B21','2019-11-23 00:00:00'),
    ('BR435','12S17011','B23','2019-11-24 00:00:00'),
    ('BR436','12S17012','B25','2019-11-25 00:00:00'),
    ('BR437','12S17013','B27','2019-11-26 00:00:00'),
    ('BR438','12S17014','B29','2019-11-27 00:00:00'),
    ('BR439','12S17015','B31','2019-11-28 00:00:00'),
    ('BR440','12S17026','B33','2019-11-29 00:00:00'),
    ('BR441','12S17027','B35','2019-11-30 00:00:00'),
    ('BR442','11319001','B37','2019-12-01 00:00:00'),
    ('BR443','11319002','B39','2019-12-02 00:00:00'),
    ('BR444','11319003','B41','2019-12-03 00:00:00'),
    ('BR445','11319004','B43','2019-12-03 00:00:00'),
    ('BR446','11319005','B45','2019-12-03 00:00:00'),
    ('BR447','11319006','B47','2019-12-03 00:00:00'),
    ('BR448','11319008','B49','2019-12-03 00:00:00'),
    ('BR449','11319009','B51','2019-12-05 00:00:00'),
    ('BR450','11319014','B53','2019-12-07 00:00:00'),
    ('BR451','11319015','B55','2019-12-09 00:00:00'),
    ('BR452','11319016','B57','2019-12-11 00:00:00'),
    ('BR453','11319017','B59','2019-12-13 00:00:00'),
    ('BR454','11319018','B61','2019-12-15 00:00:00'),
    ('BR455','11319019','B63','2019-12-17 00:00:00'),
    ('BR456','11319020','B65','2019-12-19 00:00:00'),
    ('BR457','12S17007','B67','2019-12-21 00:00:00'),
    ('BR458','12S17008','B69','2019-12-23 00:00:00'),
    ('BR459','12S17009','B71','2019-12-25 00:00:00'),
    ('BR460','12S17011','B73','2019-12-27 00:00:00'),
    ('BR461','12S17006','B150','2020-01-16 00:00:00'),
    ('BR462','12S17007','B110','2020-01-16 00:00:00'),
    ('BR463','12S17008','B102','2020-01-16 00:00:00'),
    ('BR464','12S17009','B3','2020-01-16 00:00:00'),
    ('BR465','12S17011','B5','2020-01-21 00:00:00'),
    ('BR466','12S17012','B47','2020-01-22 00:00:00'),
    ('BR467','12S17013','B107','2020-01-23 00:00:00'),
    ('BR468','12S17014','B9','2020-01-24 00:00:00'),
    ('BR469','12S17015','B126','2020-01-24 00:00:00'),
    ('BR470','12S17016','B21','2020-01-24 00:00:00'),
    ('BR471','12S17018','B69','2020-02-02 00:00:00'),
    ('BR472','12S17020','B15','2020-02-02 00:00:00'),
    ('BR473','12S17021','B64','2020-02-02 00:00:00'),
    ('BR474','12S17023','B45','2020-02-02 00:00:00'),
    ('BR475','12S17024','B57','2020-02-02 00:00:00'),
    ('BR476','11S19008','B2','2020-02-03 00:00:00'),
    ('BR477','11S19009','B21','2020-02-04 00:00:00'),
    ('BR478','11S19010','B140','2020-02-05 00:00:00'),
    ('BR479','11S19011','B93','2020-02-11 00:00:00'),
    ('BR480','11S19012','B90','2020-02-12 00:00:00'),
    ('BR481','11S19013','B59','2020-02-23 00:00:00'),
    ('BR482','11S19014','B42','2020-02-24 00:00:00'),
    ('BR483','31S18002','B146','2020-02-25 00:00:00'),
    ('BR484','31S19003','B112','2020-02-26 00:00:00'),
    ('BR485','31S19004','B81','2020-03-01 00:00:00'),
    ('BR486','31S19005','B63','2020-03-02 00:00:00'),
    ('BR487','31S19006','B146','2020-03-03 00:00:00'),
    ('BR488','31S19007','B20','2020-03-04 00:00:00'),
    ('BR489','31S19008','B32','2020-03-04 00:00:00'),
    ('BR490','31S19009','B146','2020-03-04 00:00:00'),
    ('BR491','14S17012','B1','2020-03-12 00:00:00'),
    ('BR492','14S17033','B79','2020-03-15 00:00:00'),
    ('BR493','14S17059','B16','2020-03-23 00:00:00'),
    ('BR494','11418031','B70','2020-03-23 00:00:00'),
    ('BR495','11418032','B25','2020-03-24 00:00:00'),
    ('BR496','11418033','B118','2020-03-25 00:00:00'),
    ('BR497','11418034','B54','2020-04-01 00:00:00'),
    ('BR498','11418035','B130','2020-04-03 00:00:00'),
    ('BR499','11418038','B148','2020-04-05 00:00:00'),
    ('BR500','11418039','B34','2020-04-05 00:00:00'),
    ('BR501','11418040','B45','2020-04-05 00:00:00'),
    ('BR502','11418041','B98','2020-04-06 00:00:00'),
    ('BR503','11418042','B87','2020-04-15 00:00:00'),
    ('BR504','11418043','B7','2020-04-16 00:00:00'),
    ('BR505','11418044','B115','2020-04-17 00:00:00'),
    ('BR506','11418045','B116','2020-04-18 00:00:00'),
    ('BR507','11418046','B3','2020-04-21 00:00:00'),
    ('BR508','11418047','B155','2020-04-23 00:00:00'),
    ('BR509','11418048','B43','2020-04-24 00:00:00'),
    ('BR510','11418049','B102','2020-04-25 00:00:00'),
    ('BR511','11418051','B155','2020-04-26 00:00:00');

-- --------------------------------------------------------

--
-- Table structure for table `category`
--

CREATE TABLE IF NOT EXISTS `category` (
`id` VARCHAR(11) NOT NULL,
  `name` VARCHAR(100) NOT NULL
) ENGINE=INNODB AUTO_INCREMENT=6 DEFAULT CHARSET=latin1;

-- DROP TABLE category
--
-- Dumping data for table `category`
--

INSERT INTO `category` (`id`, `name`) VALUES
('C01', 'Engineering'),
('C02', 'Mathematics'),
('C03', 'Science and Technology'),
('C04', 'History'),
('C05', 'IT Programming'),
('C06', 'Economics'),
('C07', 'Psychology'),
('C08', 'Fiction'),
('C09', 'Non Fiction');

-- --------------------------------------------------------

--
-- Table structure for table `course`
--

CREATE TABLE IF NOT EXISTS `course` (
`id` INT(11) NOT NULL,
  `title` TEXT NOT NULL,
  `code` VARCHAR(15) NOT NULL
) ENGINE=INNODB AUTO_INCREMENT=4 DEFAULT CHARSET=latin1;

--
-- Dumping data for table `course`
--

INSERT INTO `course` (`id`, `title`, `code`) VALUES
(1, 'S1 Sistem Informasi', 'S1SI'),
(2, 'S1 Informatika', 'S1IF'),
(3, 'S1 Teknik Elektro', 'S1TE'),
(4, 'D3 Teknik Informasi', 'D3TI'),
(5, 'D4 Teknik Informasi', 'D4TI'),
(6, 'S1 Teknik Bioproses', 'S1BP');

-- DELETE from course 


-- --------------------------------------------------------

--
-- Table structure for table `returns`
--

CREATE TABLE IF NOT EXISTS `returns` (
`return_id` VARCHAR(11) NOT NULL,
`borrow_id` VARCHAR(11) NOT NULL,
  `student_id` VARCHAR(11) NOT NULL,
  `book_id` VARCHAR(11) NOT NULL,
  `date_return` DATE NOT NULL,
  `fine` VARCHAR(20)
) ENGINE=INNODB AUTO_INCREMENT=6 DEFAULT CHARSET=latin1;

-- DELETE FROM `returns`
-- drop table `returns`
--
-- Dumping data for table `returns`
--

INSERT INTO `returns` (`return_id`, `borrow_id`, `student_id`, `book_id`, `date_return`,`fine`) VALUES
        ('RE01','BR01','14S19021','B154','2018-05-10','Rp2.000,00'),
    ('RE02','BR02','14S19022','B7','2018-05-07','-'),
    ('RE03','BR03','14S19023','B33','2018-07-03','Rp4.000,00'),
    ('RE04','BR06','14S17050','B83','2020-05-09','-'),
    ('RE05','BR07','14S17051','B107','2020-05-08','-'),
    ('RE06','BR08','14S17054','B146','2018-01-22','Rp4.000,00'),
    ('RE07','BR09','14S17059','B110','2018-01-19',NULL),
    ('RE08','BR12','14S19024','B24','2018-01-27','Rp4.000,00'),
    ('RE09','BR13','14S19025','B97','2018-01-23','-'),
    ('RE10','BR14','14S19026','B69','2018-01-28','Rp4.000,00'),
    ('RE11','BR15','14S19027','B113','2018-02-07','Rp2.000,00'),
    ('RE12','BR16','14S17051','B11','2018-02-02','-'),
    ('RE13','BR17','14S17054','B69','2018-02-21','Rp2.000,00'),
    ('RE14','BR18','14S17059','B75','2018-02-17','-'),
    ('RE15','BR20','31S18010','B17','2018-02-28','-'),
    ('RE16','BR21','11418049','B59','2018-03-11','Rp2.000,00'),
    ('RE17','BR22','11418051','B47','2018-03-11','Rp2.000,00'),
    ('RE18','BR25','11418054','B52','2018-03-26','Rp4.000,00'),
    ('RE19','BR26','14S18052','B93','2018-03-22','-'),
    ('RE20','BR27','14S19001','B22','2018-03-28','Rp4.000,00'),
    ('RE21','BR28','14S19002','B124','2018-03-28','Rp4.000,00'),
    ('RE22','BR30','11319016','B82','2018-04-01','-'),
    ('RE23','BR31','11319017','B108','2018-04-18','-'),
    ('RE24','BR32','11319018','B39','2018-04-16','-'),
    ('RE25','BR35','14S19015','B74','2018-04-20','-'),
    ('RE26','BR36','14S19016','B106','2018-07-16','-'),
    ('RE27','BR38','14S19018','B101','2018-07-19','-'),
    ('RE28','BR39','14S18052','B69','2018-07-23','Rp2.000,00'),
    ('RE29','BR40','14S19001','B93','2018-07-30','Rp4.000,00'),
    ('RE30','BR41','14S19002','B44','2018-08-03','Rp2.000,00'),
    ('RE31','BR44','14S19005','B73','2018-08-05','-'),
    ('RE32','BR45','14S19006','B23','2018-08-06','-'),
    ('RE33','BR46','14S19007','B66','2018-08-10','-'),
    ('RE34','BR47','14S19008','B64','2018-08-08','-'),
    ('RE35','BR48','14S19009','B66','2018-08-23','-'),
    ('RE36','BR49','11418033','B10','2018-09-21','-'),
    ('RE37','BR52','11418038','B82','2018-09-22','-'),
    ('RE38','BR53','11418039','B57','2018-09-26','Rp4.000,00'),
    ('RE39','BR54','11418040','B3','2018-09-21','-'),
    ('RE40','BR55','11418041','B131','2018-09-27','-'),
    ('RE41','BR56','11418042','B78','2018-09-28','-'),
    ('RE42','BR57','14S17036','B133','2018-09-30','-'),
    ('RE43','BR58','14S17050','B27','2018-10-03','Rp4.000,00'),
    ('RE44','BR61','14S17059','B124','2018-10-09','Rp2.000,00'),
    ('RE45','BR62','11418031','B112','2018-10-04','-'),
    ('RE46','BR63','11418032','B91','2018-10-17','-'),
    ('RE47','BR66','31S18010','B22','2018-10-28','-'),
    ('RE48','BR67','31S18014','B73','2018-10-26','-'),
    ('RE49','BR68','31S18025','B91','2018-11-02','-'),
    ('RE50','BR69','31S19001','B92','2018-11-02','-'),
    ('RE51','BR70','31S19002','B89','2018-11-01','-'),
    ('RE52','BR71','31S19003','B54','2018-11-01','-'),
    ('RE53','BR72','31S19004','B67','2018-11-04','-'),
    ('RE54','BR74','31S19006','B67','2018-11-03','-'),
    ('RE55','BR75','31S19007','B33','2018-11-05','-'),
    ('RE56','BR76','31S19008','B49','2018-11-03','-'),
    ('RE57','BR78','14S17012','B124','2018-11-04','-'),
    ('RE58','BR79','14S17033','B68','2018-11-06','-'),
    ('RE59','BR80','11319009','B57','2018-11-22','Rp4.000,00'),
    ('RE60','BR81','11319010','B32','2018-11-19','-'),
    ('RE61','BR82','11319011','B51','2018-11-23','-'),
    ('RE62','BR83','11319012','B2','2018-11-23','-'),
    ('RE63','BR85','11319014','B125','2018-12-06','-'),
    ('RE64','BR86','11319015','B24','2018-12-08','-'),
    ('RE65','BR87','11319016','B5','2018-12-06','-'),
    ('RE66','BR90','11319019','B6','2018-12-13','-'),
    ('RE67','BR91','11319020','B74','2018-12-15','-'),
    ('RE68','BR92','11319008','B119','2018-12-16','-'),
    ('RE69','BR93','12S17001','B6','2019-01-14','-'),
    ('RE70','BR94','12S17002','B8','2019-01-15','-'),
    ('RE71','BR96','12S17004','B12','2019-01-17','-'),
    ('RE72','BR97','12S17005','B14','2019-01-20','Rp2.000,00'),
    ('RE73','BR98','12S17006','B16','2019-01-22','Rp4.000,00'),
    ('RE74','BR100','12S17008','B20','2019-01-23','Rp4.000,00'),
    ('RE75','BR101','12S17009','B22','2019-01-21','-'),
    ('RE76','BR102','12S17011','B24','2019-01-23','-'),
    ('RE77','BR103','12S17012','B26','2019-01-22','-'),
    ('RE78','BR104','12S17013','B28','2019-01-26','-'),
    ('RE79','BR106','11319002','B32','2019-01-26','-'),
    ('RE80','BR107','11319003','B34','2019-02-01','Rp4.000,00'),
    ('RE81','BR108','11319004','B36','2019-01-29','-'),
    ('RE82','BR109','11319005','B38','2019-01-28','-'),
    ('RE83','BR110','11319006','B40','2019-02-02','-'),
    ('RE84','BR111','11319008','B42','2019-02-05','Rp4.000,00'),
    ('RE85','BR113','11319010','B46','2019-02-08','-'),
    ('RE86','BR114','11319011','B48','2019-02-12','Rp2.000,00'),
    ('RE87','BR117','12S17017','B9','2019-02-08','-'),
    ('RE88','BR118','12S17018','B11','2019-02-13','Rp4.000,00'),
    ('RE89','BR119','12S17020','B13','2019-02-14','-'),
    ('RE90','BR120','12S17021','B15','2019-02-18','-'),
    ('RE91','BR121','11S19006','B17','2019-02-15','-'),
    ('RE92','BR122','11S19007','B19','2019-02-18','-'),
    ('RE93','BR123','11S19008','B21','2019-02-19','-'),
    ('RE94','BR124','11S19009','B23','2019-02-22','-'),
    ('RE95','BR127','11S19012','B29','2019-02-27','Rp4.000,00'),
    ('RE96','BR128','11S19013','B31','2019-02-28','Rp4.000,00'),
    ('RE97','BR129','11S19014','B33','2019-02-25','-'),
    ('RE98','BR130','31S18002','B9','2019-03-01','Rp2.000,00'),
    ('RE99','BR132','31S18010','B15','2019-02-28','-'),
    ('RE100','BR133','31S18014','B18','2019-03-01','-'),
    ('RE101','BR134','31S18025','B21','2019-02-28','-'),
    ('RE102','BR135','12S17023','B24','2019-03-03','-'),
    ('RE103','BR136','12S17024','B27','2019-03-02','-'),
    ('RE104','BR137','12S17025','B30','2019-03-04','-'),
    ('RE105','BR140','31S19002','B39','2019-03-05','-'),
    ('RE106','BR141','31S19003','B42','2019-03-08','-'),
    ('RE107','BR142','31S19004','B45','2019-03-13','Rp4.000,00'),
    ('RE108','BR143','31S19005','B48','2019-03-09','-'),
    ('RE109','BR144','11S19001','B51','2019-03-11','-'),
    ('RE110','BR145','11S19002','B54','2019-03-16','Rp4.000,00'),
    ('RE111','BR146','11S19003','B57','2019-03-16','Rp2.000,00'),
    ('RE112','BR147','11S19004','B60','2019-03-16','-'),
    ('RE113','BR148','11S19005','B63','2019-03-18','Rp2.000,00'),
    ('RE114','BR151','11S19008','B72','2019-03-21','Rp4.000,00'),
    ('RE115','BR152','11S19009','B75','2019-03-20','Rp2.000,00'),
    ('RE116','BR153','11S19010','B78','2019-03-18','-'),
    ('RE117','BR154','11S19011','B81','2019-03-15','-'),
    ('RE118','BR155','11S19012','B84','2019-03-17','-'),
    ('RE119','BR156','11S19013','B87','2019-03-26','Rp2.000,00'),
    ('RE120','BR157','11S19014','B90','2019-03-24','-'),
    ('RE121','BR158','31S18002','B93','2019-03-27','-'),
    ('RE122','BR159','31S18008','B96','2019-03-24','-'),
    ('RE123','BR160','31S18010','B99','2019-03-29','-'),
    ('RE124','BR163','11418034','B108','2019-04-02','Rp2.000,00'),
    ('RE125','BR164','11418035','B111','2019-04-02','-'),
    ('RE126','BR165','11418038','B114','2019-04-05','Rp4.000,00'),
    ('RE127','BR166','11418039','B117','2019-03-31','-'),
    ('RE128','BR167','11418040','B120','2019-04-07','Rp4.000,00'),
    ('RE129','BR170','11418043','B43','2019-04-08','-'),
    ('RE130','BR171','11418044','B47','2019-04-10','Rp2.000,00'),
    ('RE131','BR172','11418045','B51','2019-04-05','-'),
    ('RE132','BR173','14S19015','B55','2019-04-10','Rp2.000,00'),
    ('RE133','BR174','14S19016','B59','2019-04-09','-'),
    ('RE134','BR177','14S19019','B71','2019-04-05','-'),
    ('RE135','BR178','14S19020','B75','2019-04-09','-'),
    ('RE136','BR179','14S19021','B79','2019-04-10','Rp2.000,00'),
    ('RE137','BR180','14S19022','B83','2019-04-10','Rp2.000,00'),
    ('RE138','BR181','14S19023','B87','2019-04-08','-'),
    ('RE139','BR182','14S19024','B91','2019-04-12','Rp2.000,00'),
    ('RE140','BR183','14S19025','B95','2019-04-10','-'),
    ('RE141','BR184','14S19026','B99','2019-04-11','-'),
    ('RE142','BR185','14S19027','B103','2019-04-14','-'),
    ('RE143','BR188','12S17003','B115','2019-04-19','Rp4.000,00'),
    ('RE144','BR189','12S17004','B119','2019-04-19','Rp2.000,00'),
    ('RE145','BR190','12S17005','B123','2019-04-15','-'),
    ('RE146','BR193','12S17008','B135','2019-04-20','-'),
    ('RE147','BR194','12S17009','B7','2019-05-02','-'),
    ('RE148','BR195','12S17011','B12','2019-05-03','-'),
    ('RE149','BR198','12S17014','B27','2019-05-06','-'),
    ('RE150','BR199','12S17015','B32','2019-05-05','-'),
    ('RE151','BR200','12S17026','B37','2019-05-05','-'),
    ('RE152','BR201','12S17027','B42','2019-05-11','Rp4.000,00'),
    ('RE153','BR202','11319001','B47','2019-05-08','-'),
    ('RE154','BR203','11319002','B52','2019-05-13','Rp4.000,00'),
    ('RE155','BR204','11319003','B57','2019-05-08','-'),
    ('RE156','BR205','11319004','B62','2019-05-12','-'),
    ('RE157','BR206','11319005','B67','2019-05-16','Rp4.000,00'),
    ('RE158','BR207','11319006','B72','2019-05-15','-'),
    ('RE159','BR210','11319014','B87','2019-05-16','-'),
    ('RE160','BR211','11319015','B92','2019-05-18','-'),
    ('RE161','BR212','11319016','B97','2019-05-19','-'),
    ('RE162','BR213','11319017','B102','2019-05-20','-'),
    ('RE163','BR214','11319018','B107','2019-05-22','-'),
    ('RE164','BR215','11319019','B112','2019-05-20','-'),
    ('RE165','BR216','11319020','B117','2019-05-26','Rp4.000,00'),
    ('RE166','BR217','11S19001','B122','2019-05-24','-'),
    ('RE167','BR218','11S19002','B127','2019-05-24','-'),
    ('RE168','BR219','11S19003','B132','2019-05-25','-'),
    ('RE169','BR222','11S19006','B147','2019-05-31','Rp2.000,00'),
    ('RE170','BR223','11S19007','B152','2019-06-01','Rp2.000,00'),
    ('RE171','BR224','11S19008','B45','2019-06-02','Rp4.000,00'),
    ('RE172','BR225','11S19009','B45','2019-06-01','Rp2.000,00'),
    ('RE173','BR226','11S19010','B45','2019-05-27','-'),
    ('RE174','BR227','11S19011','B45','2019-06-02','Rp2.000,00'),
    ('RE175','BR228','11S19012','B30','2019-05-29','-'),
    ('RE176','BR229','11S19013','B32','2019-05-29','-'),
    ('RE177','BR230','11S19014','B34','2019-06-04','Rp2.000,00'),
    ('RE178','BR231','31S18002','B36','2019-06-05','Rp2.000,00'),
    ('RE179','BR232','31S18008','B38','2019-06-01','-'),
    ('RE180','BR235','31S18025','B44','2019-06-08','-'),
    ('RE181','BR236','31S19001','B46','2019-06-08','-'),
    ('RE182','BR237','31S19002','B48','2019-06-10','-'),
    ('RE183','BR238','31S19003','B50','2019-06-12','Rp2.000,00'),
    ('RE184','BR239','31S19004','B52','2019-06-11','-'),
    ('RE185','BR240','31S19005','B54','2019-06-12','-'),
    ('RE186','BR241','31S19006','B56','2019-06-11','-'),
    ('RE187','BR242','31S19007','B71','2019-06-11','-'),
    ('RE188','BR247','14S17036','B126','2019-06-15','-'),
    ('RE189','BR248','14S17050','B137','2019-06-15','-'),
    ('RE190','BR249','14S17051','B148','2019-06-15','-'),
    ('RE191','BR250','14S17054','B4','2019-06-19','-'),
    ('RE192','BR251','14S17059','B10','2019-06-14','-'),
    ('RE193','BR252','11418031','B48','2019-06-18','-'),
    ('RE194','BR253','11418032','B50','2019-06-21','Rp2.000,00'),
    ('RE195','BR254','11418033','B52','2019-06-21','-'),
    ('RE196','BR255','11418034','B54','2019-06-23','Rp2.000,00'),
    ('RE197','BR256','11418035','B56','2019-06-20','-'),
    ('RE198','BR257','11418038','B71','2019-06-25','Rp2.000,00'),
    ('RE199','BR258','11418039','B82','2019-06-22','-'),
    ('RE200','BR261','11418042','B97','2019-06-27','Rp2.000,00'),
    ('RE201','BR262','11418043','B102','2019-06-24','-'),
    ('RE202','BR263','11418044','B107','2019-06-25','-'),
    ('RE203','BR264','11418045','B112','2019-06-28','Rp2.000,00'),
    ('RE204','BR265','11418046','B117','2019-06-27','-'),
    ('RE205','BR266','11418047','B122','2019-06-25','-'),
    ('RE206','BR269','11418051','B90','2019-06-30','-'),
    ('RE207','BR270','11418052','B93','2019-07-04','Rp2.000,00'),
    ('RE208','BR271','11418053','B96','2019-06-30','-'),
    ('RE209','BR272','11418054','B99','2019-07-02','-'),
    ('RE210','BR273','11418055','B102','2019-07-07','Rp2.000,00'),
    ('RE211','BR274','11418056','B105','2019-07-07','-'),
    ('RE212','BR275','11418058','B108','2019-07-08','-'),
    ('RE213','BR276','11418059','B111','2019-07-09','-'),
    ('RE214','BR279','14S19002','B120','2019-07-06','-'),
    ('RE215','BR280','14S19003','B123','2019-07-06','-'),
    ('RE216','BR281','14S19004','B123','2019-07-12','Rp4.000,00'),
    ('RE217','BR282','14S19005','B123','2019-07-09','-'),
    ('RE218','BR283','14S19006','B123','2019-07-13','Rp2.000,00'),
    ('RE219','BR284','14S19007','B123','2019-07-14','Rp2.000,00'),
    ('RE220','BR285','14S19008','B123','2019-07-10','-'),
    ('RE221','BR286','14S19009','B123','2019-07-11','-'),
    ('RE222','BR287','14S19010','B123','2019-07-15','-'),
    ('RE223','BR288','14S19011','B123','2019-07-15','-'),
    ('RE224','BR289','14S19008','B123','2019-07-15','-'),
    ('RE225','BR292','12S17021','B24','2019-07-17','-'),
    ('RE226','BR293','12S17023','B26','2019-07-16','-'),
    ('RE227','BR294','12S17024','B28','2019-07-16','-'),
    ('RE228','BR296','12S17026','B32','2019-07-18','-'),
    ('RE229','BR297','12S17027','B34','2019-07-18','-'),
    ('RE230','BR298','11319001','B36','2019-07-23','Rp2.000,00'),
    ('RE231','BR299','11319002','B38','2019-07-22','-'),
    ('RE232','BR300','11319003','B40','2019-07-26','Rp4.000,00'),
    ('RE233','BR301','11319004','B42','2019-07-21','-'),
    ('RE234','BR302','11319005','B44','2019-07-24','-'),
    ('RE235','BR304','11319008','B48','2019-07-24','-'),
    ('RE236','BR305','11319009','B5','2019-07-29','-'),
    ('RE237','BR306','11418051','B7','2019-07-26','-'),
    ('RE238','BR307','11418052','B9','2019-07-31','-'),
    ('RE239','BR308','11418053','B11','2019-07-29','-'),
    ('RE240','BR309','11418054','B13','2019-08-01','-'),
    ('RE241','BR310','11418055','B15','2019-08-03','-'),
    ('RE242','BR311','11418056','B17','2019-08-06','Rp4.000,00'),
    ('RE243','BR312','11418058','B19','2019-08-06','Rp2.000,00'),
    ('RE244','BR315','14S19020','B25','2019-08-06','-'),
    ('RE245','BR316','14S19021','B27','2019-08-10','Rp2.000,00'),
    ('RE246','BR317','14S19022','B29','2019-08-06','-'),
    ('RE247','BR318','14S19023','B31','2019-08-11','-'),
    ('RE248','BR319','14S19024','B33','2019-08-11','-'),
    ('RE249','BR320','14S19025','B9','2019-08-11','-'),
    ('RE250','BR321','14S19026','B12','2019-08-10','-'),
    ('RE251','BR322','14S19027','B15','2019-08-09','-'),
    ('RE252','BR325','31S19005','B24','2019-08-12','-'),
    ('RE253','BR326','31S19006','B27','2019-08-11','-'),
    ('RE254','BR327','31S19007','B30','2019-08-15','Rp4.000,00'),
    ('RE255','BR328','31S19008','B33','2019-08-12','-'),
    ('RE256','BR329','31S19009','B36','2019-08-13','-'),
    ('RE257','BR330','14S17012','B39','2019-08-15','Rp4.000,00'),
    ('RE258','BR331','14S17033','B42','2019-09-11','-'),
    ('RE259','BR332','14S17036','B45','2019-09-11','-'),
    ('RE260','BR335','14S17054','B54','2019-09-14','-'),
    ('RE261','BR336','14S17059','B57','2019-09-16','-'),
    ('RE262','BR337','11S19005','B60','2019-09-22','Rp4.000,00'),
    ('RE263','BR338','11S19006','B63','2019-09-17','-'),
    ('RE264','BR339','11S19007','B66','2019-09-20','-'),
    ('RE265','BR340','11S19008','B69','2019-09-19','-'),
    ('RE266','BR341','11S19009','B72','2019-09-22','-'),
    ('RE267','BR344','11S19012','B81','2019-09-25','-'),
    ('RE268','BR345','11S19013','B84','2019-09-27','-'),
    ('RE269','BR346','11S19014','B87','2019-10-01','Rp4.000,00'),
    ('RE270','BR347','14S19020','B90','2019-09-30','-'),
    ('RE271','BR348','14S19021','B93','2019-09-28','-'),
    ('RE272','BR349','14S19022','B96','2019-09-29','-'),
    ('RE273','BR350','14S19023','B99','2019-10-03','-'),
    ('RE274','BR351','14S19024','B102','2019-10-01','-'),
    ('RE275','BR352','14S19025','B105','2019-10-07','Rp4.000,00'),
    ('RE276','BR355','31S19003','B114','2019-10-08','-'),
    ('RE277','BR356','31S19004','B117','2019-10-11','Rp4.000,00'),
    ('RE278','BR357','31S19005','B120','2019-10-12','Rp4.000,00'),
    ('RE279','BR358','31S19006','B123','2019-10-13','Rp4.000,00'),
    ('RE280','BR359','31S19007','B126','2019-10-13','Rp2.000,00'),
    ('RE281','BR362','14S17012','B51','2019-10-17','Rp4.000,00'),
    ('RE282','BR363','14S17033','B55','2019-10-15','-'),
    ('RE283','BR364','14S17036','B59','2019-10-18','Rp2.000,00'),
    ('RE284','BR365','14S17050','B63','2019-10-17','-'),
    ('RE285','BR366','14S17051','B67','2019-10-16','-'),
    ('RE286','BR367','14S19024','B71','2019-10-16','-'),
    ('RE287','BR368','14S19025','B75','2019-10-16','-'),
    ('RE288','BR369','14S19026','B79','2019-10-15','-'),
    ('RE289','BR372','11418047','B91','2019-10-19','Rp2.000,00'),
    ('RE290','BR373','11418048','B95','2019-10-19','Rp2.000,00'),
    ('RE291','BR374','11418049','B99','2019-10-19','Rp2.000,00'),
    ('RE292','BR375','11418051','B103','2019-10-15','-'),
    ('RE293','BR376','11418052','B107','2019-10-14','-'),
    ('RE294','BR377','11418053','B111','2019-10-15','-'),
    ('RE295','BR378','11418054','B115','2019-10-16','-'),
    ('RE296','BR379','11418055','B119','2019-10-16','-'),
    ('RE297','BR382','11418059','B131','2019-10-21','Rp2.000,00'),
    ('RE298','BR383','14S18052','B135','2019-10-17','-'),
    ('RE299','BR384','14S19001','B7','2019-10-20','-'),
    ('RE300','BR385','14S19002','B12','2019-10-25','Rp4.000,00'),
    ('RE301','BR386','14S19003','B17','2019-10-23','-'),
    ('RE302','BR387','14S19004','B22','2019-10-26','-'),
    ('RE303','BR391','11319018','B42','2019-10-28','-'),
    ('RE304','BR392','11319019','B47','2019-10-27','Rp2.000,00'),
    ('RE305','BR393','11319020','B52','2019-10-31','-'),
    ('RE306','BR394','11S19001','B57','2019-11-01','-'),
    ('RE307','BR395','11S19002','B62','2019-11-01','-'),
    ('RE308','BR396','11S19003','B67','2019-11-01','-'),
    ('RE309','BR397','11S19004','B72','2019-10-31','-'),
    ('RE310','BR398','11S19005','B77','2019-11-01','-'),
    ('RE311','BR399','11418033','B82','2019-11-03','-'),
    ('RE312','BR401','11418035','B77','2019-11-09','Rp2.000,00'),
    ('RE313','BR402','11418038','B82','2019-11-10','Rp2.000,00'),
    ('RE314','BR403','11418039','B87','2019-11-10','-'),
    ('RE315','BR404','11418040','B92','2019-11-10','-'),
    ('RE316','BR405','11418041','B97','2019-11-11','-'),
    ('RE317','BR407','11418043','B107','2019-11-09','-'),
    ('RE318','BR408','11418044','B112','2019-11-08','-'),
    ('RE319','BR410','11418046','B122','2019-11-08','-'),
    ('RE320','BR411','11418047','B127','2019-11-09','-'),
    ('RE321','BR412','11418048','B132','2019-11-09','-'),
    ('RE322','BR413','11418049','B137','2019-11-13','Rp2.000,00'),
    ('RE323','BR414','11418051','B142','2019-11-14','Rp2.000,00'),
    ('RE324','BR415','11418052','B147','2019-11-16','Rp4.000,00'),
    ('RE325','BR416','11418053','B152','2019-11-16','Rp2.000,00'),
    ('RE326','BR417','14S19019','B45','2019-11-14','-'),
    ('RE327','BR418','14S19020','B45','2019-11-13','-'),
    ('RE328','BR419','14S19021','B45','2019-11-19','Rp2.000,00'),
    ('RE329','BR421','14S19023','B20','2019-11-17','-'),
    ('RE330','BR422','14S19024','B22','2019-11-21','-'),
    ('RE331','BR423','14S19025','B24','2019-11-19','-'),
    ('RE332','BR424','14S19026','B26','2019-11-25','Rp4.000,00'),
    ('RE333','BR425','14S19027','B28','2019-11-25','Rp2.000,00'),
    ('RE334','BR426','12S17001','B30','2019-11-26','Rp2.000,00'),
    ('RE335','BR427','12S17002','B32','2019-11-25','-'),
    ('RE336','BR428','12S17003','B34','2019-11-27','-'),
    ('RE337','BR429','12S17004','B36','2019-11-23','-'),
    ('RE338','BR431','12S17006','B40','2019-11-28','Rp2.000,00'),
    ('RE339','BR432','12S17007','B42','2019-11-28','Rp2.000,00'),
    ('RE340','BR433','12S17008','B19','2019-11-29','Rp4.000,00'),
    ('RE341','BR435','12S17011','B23','2019-11-25','-'),
    ('RE342','BR436','12S17012','B25','2019-11-27','-'),
    ('RE343','BR437','12S17013','B27','2019-11-30','-'),
    ('RE344','BR438','12S17014','B29','2019-11-29','-'),
    ('RE345','BR439','12S17015','B31','2019-11-29','-'),
    ('RE346','BR444','11319003','B41','2019-12-07','-'),
    ('RE347','BR445','11319004','B43','2019-12-06','-'),
    ('RE348','BR446','11319005','B45','2019-12-05','-'),
    ('RE349','BR447','11319006','B47','2019-12-10','Rp4.000,00'),
    ('RE350','BR448','11319008','B49','2019-12-07','-'),
    ('RE351','BR449','11319009','B51','2019-12-07','-'),
    ('RE352','BR450','11319014','B53','2019-12-13','Rp2.000,00'),
    ('RE353','BR451','11319015','B55','2019-12-13','-'),
    ('RE354','BR452','11319016','B57','2019-12-16','-'),
    ('RE355','BR453','11319017','B59','2019-12-14','-'),
    ('RE356','BR454','11319018','B61','2019-12-22','Rp4.000,00'),
    ('RE357','BR455','11319019','B63','2019-12-24','Rp4.000,00'),
    ('RE358','BR456','11319020','B65','2019-12-20','-'),
    ('RE359','BR457','12S17007','B67','2019-12-22','-'),
    ('RE360','BR458','12S17008','B69','2019-12-27','-'),
    ('RE361','BR461','12S17006','B150','2020-01-23','Rp4.000,00'),
    ('RE362','BR462','12S17007','B110','2020-01-18','-'),
    ('RE363','BR463','12S17008','B102','2020-01-20','-'),
    ('RE364','BR464','12S17009','B3','2020-01-22','Rp2.000,00'),
    ('RE365','BR465','12S17011','B5','2020-01-28','Rp4.000,00'),
    ('RE366','BR466','12S17012','B47','2020-01-23','-'),
    ('RE367','BR467','12S17013','B107','2020-01-30','Rp4.000,00'),
    ('RE368','BR470','12S17016','B21','2020-01-31','Rp4.000,00'),
    ('RE369','BR471','12S17018','B69','2020-02-06','-'),
    ('RE370','BR472','12S17020','B15','2020-02-06','-'),
    ('RE371','BR473','12S17021','B64','2020-02-04','-'),
    ('RE372','BR476','11S19008','B2','2020-02-06','-'),
    ('RE373','BR477','11S19009','B21','2020-02-05','-'),
    ('RE374','BR478','11S19010','B140','2020-02-11','Rp2.000,00'),
    ('RE375','BR479','11S19011','B93','2020-02-16','-'),
    ('RE376','BR480','11S19012','B90','2020-02-17','-'),
    ('RE377','BR483','31S18002','B146','2020-02-28','-'),
    ('RE378','BR484','31S19003','B112','2020-03-01','-'),
    ('RE379','BR485','31S19004','B81','2020-03-05','-'),
    ('RE380','BR486','31S19005','B63','2020-03-05','-'),
    ('RE381','BR487','31S19006','B146','2020-03-05','-'),
    ('RE382','BR488','31S19007','B20','2020-03-07','-'),
    ('RE383','BR491','14S17012','B1','2020-03-17','-'),
    ('RE384','BR492','14S17033','B79','2020-03-18','-'),
    ('RE385','BR493','14S17059','B16','2020-03-24','-'),
    ('RE386','BR494','11418031','B70','2020-03-28','-'),
    ('RE387','BR495','11418032','B25','2020-03-25','-'),
    ('RE388','BR496','11418033','B118','2020-03-31','Rp2.000,00'),
    ('RE389','BR497','11418034','B54','2020-04-03','-'),
    ('RE390','BR498','11418035','B130','2020-04-04','-'),
    ('RE391','BR502','11418041','B98','2020-04-12','Rp2.000,00'),
    ('RE392','BR503','11418042','B87','2020-04-16','-'),
    ('RE393','BR504','11418043','B7','2020-04-22','Rp2.000,00'),
    ('RE394','BR505','11418044','B115','2020-04-22','-'),
    ('RE395','BR506','11418045','B116','2020-04-20','-'),
    ('RE396','BR507','11418046','B3','22/04/2020','-'),
    ('RE397','BR508','11418047','B155','26/04/2020','-'),
    ('RE398','BR509','11418048','B43','01/05/2020','Rp4.000,00'),
    ('RE399','BR510','11418049','B102','01/05/2020','Rp2.000,00'),
    ('RE400','BR511','11418051','B155','30/04/2020','-');





-- --------------------------------------------------------

--
-- Table structure for table `students`
--

CREATE TABLE IF NOT EXISTS `students` (

  `student_id` VARCHAR(15) NOT NULL,
  `firstname` VARCHAR(50) NOT NULL,
  `lastname` VARCHAR(50),
  `course_id` VARCHAR(11) NOT NULL,
  `created_on` DATE NOT NULL
) ENGINE=INNODB AUTO_INCREMENT=7 DEFAULT CHARSET=latin1;

-- DROP TABLE students
-- DELETE FROM students
--
-- Dumping data for table `students`
--

INSERT INTO `students` (`student_id`, `firstname`, `lastname`,`course_id`, `created_on`) VALUES
('12S17001','Krista','Lumbantoruan','S1SI','2019-05-05'),
    ('12S17002','Megawati','Sianturi','S1SI','2019-05-05'),
    ('12S17003','Lavenia','Situmorang','S1SI','2019-05-05'),
    ('12S17004','Fivin','Tambunan','S1SI','2019-05-05'),
    ('12S17005','Kiky','Napitupulu','S1SI','2019-05-05'),
    ('12S17006','Tripheni','Simanjuntak','S1SI','2019-05-05'),
    ('12S17007','Ernike','Manurung','S1SI','2019-05-05'),
    ('12S17008','Rezky','Simanjuntak','S1SI','2019-05-05'),
    ('12S17009','Prince','Silaban','S1SI','2019-05-05'),
    ('12S17011','Astri','Sianturi','S1SI','2019-05-05'),
    ('12S17012','Reza','Siregar','S1SI','2019-05-05'),
    ('12S17013','Mega','Pasaribu','S1SI','2019-05-05'),
    ('12S17014','David','Simamora','S1SI','2019-05-05'),
    ('12S17015','Dodi','Butarbutar','S1SI','2019-05-05'),
    ('12S17016','Heppy','Simanungkalit','S1SI','2019-05-05'),
    ('12S17017','Yolanda','Manurung','S1SI','2019-05-05'),
    ('12S17018','Yessi','Pangaribuan','S1SI','2019-05-05'),
    ('12S17020','Jovan','Pakpahan','S1SI','2019-05-05'),
    ('12S17021','Inggrit','Purba','S1SI','2019-05-05'),
    ('12S17023','Jessycha','Tampubolon','S1SI','2019-05-05'),
    ('12S17024','Yohana','Aritonang','S1SI','2019-05-05'),
    ('12S17025','Evola','Tampubolon','S1SI','2019-05-05'),
    ('12S17026','Mika','Manurung','S1SI','2019-05-05'),
    ('12S17027','Stella','Sitinjak','S1SI','2019-05-05'),
    ('11319001','Daud','Manurung','D3TI','2018-02-15'),
    ('11319002','Asido','Agripo','D3TI','2018-02-15'),
    ('11319003','Nova','V','D3TI','2018-02-15'),
    ('11319004','Visgha','Olivia','D3TI','2018-02-15'),
    ('11319005','Dany','Panegratia','D3TI','2018-02-15'),
    ('11319006','Julius','Martogi','D3TI','2018-02-15'),
    ('11319008','Jennyfer','Christine','D3TI','2018-02-15'),
    ('11319009','Pratiwi','Sibarani','D3TI','2018-02-15'),
    ('11319010','Elfrida','R.D.','D3TI','2018-02-15'),
    ('11319011','Gladys','Cindana','D3TI','2018-02-15'),
    ('11319012','Chani','Leirisa','D3TI','2018-02-15'),
    ('11319013','Anita','Lasmaria','D3TI','2018-02-15'),
    ('11319014','Alex','Sander','D3TI','2018-02-15'),
    ('11319015','Amelia','Yusnita','D3TI','2018-02-15'),
    ('11319016','Yedija','Epipanya','D3TI','2018-02-15'),
    ('11319017','Leonardo','Siagian','D3TI','2018-02-15'),
    ('11319018','Andre','Yohanes','D3TI','2018-02-15'),
    ('11319019','Evan','Richardo','D3TI','2018-02-15'),
    ('11319020','Sharon','C','D3TI','2018-02-15'),
    ('11S19001','Gabryella','Apriani','S1IF','2019-08-23'),
    ('11S19002','Sarah','Oktavia','S1IF','2019-08-23'),
    ('11S19003','Theresia','Mega','S1IF','2019-08-23'),
    ('11S19004','PRAWITA','DWI','S1IF','2019-08-23'),
    ('11S19005','Elisa','Claudia','S1IF','2019-08-23'),
    ('11S19006','Darel','Deonaldo','S1IF','2019-08-23'),
    ('11S19007','Deiva','Imanuela','S1IF','2019-08-23'),
    ('11S19008','Alfrendo','Stenley','S1IF','2019-08-23'),
    ('11S19009','Yuan','Halasan','S1IF','2019-08-23'),
    ('11S19010','Gunado','Siregar','S1IF','2019-08-23'),
    ('11S19011','Fori','Okto','S1IF','2019-08-23'),
    ('11S19012','BINTANG','LBN','S1IF','2019-08-23'),
    ('11S19013','Hotmangasi','Manurung','S1IF','2019-08-23'),
    ('11S19014','Rahmad','Joko','S1IF','2019-08-23'),
    ('31S18002','Elfrida','Hotnauli','S1BP','2018-01-25'),
    ('31S18008','Grace','Panjaitan','S1BP','2018-01-25'),
    ('31S18010','Adelia','Yoselin','S1BP','2018-01-25'),
    ('31S18014','Eve','Valentina','S1BP','2018-01-25'),
    ('31S18025','Fenny','Teresa','S1BP','2018-01-25'),
    ('31S19001','Lamtiarma','Panjaitan','S1BP','2018-01-25'),
    ('31S19002','Tiarma','Marsaulina','S1BP','2018-01-25'),
    ('31S19003','Audrey','Mihewi','S1BP','2018-01-25'),
    ('31S19004','Evy','E','S1BP','2018-01-25'),
    ('31S19005','Siska','Tampubolon','S1BP','2018-01-25'),
    ('31S19006','Yehezkiel','Felias','S1BP','2018-01-25'),
    ('31S19007','Eduardo','','S1BP','2018-01-25'),
    ('31S19008','Lastiar','Elisabeth','S1BP','2018-01-25'),
    ('31S19009','Febri','Chatarina','S1BP','2018-01-25'),
    ('14S17012','Josua','Ricardo','S1TE','2017-12-01'),
    ('14S17033','Roni','Pangestu','S1TE','2017-12-01'),
    ('14S17036','David','Sitohang','S1TE','2017-12-01'),
    ('14S17050','Nova','Prissila','S1TE','2017-12-01'),
    ('14S17051','Yohana','Limbong','S1TE','2017-12-01'),
    ('14S17054','Alfanata','S.G.','S1TE','2017-12-01'),
    ('14S17059','Minar','Sari','S1TE','2017-12-01'),
    ('11418031','Melysa','Tampubolon','D4TI','2018-01-25'),
    ('11418032','Christine','Nathasya','D4TI','2018-01-25'),
    ('11418033','Lenisa','Simangunsong','D4TI','2018-01-25'),
    ('11418034','Faustine','B','D4TI','2018-01-25'),
    ('11418035','Frans','Z','D4TI','2018-01-25'),
    ('11418038','Exalanty','Hutabarat','D4TI','2018-01-25'),
    ('11418039','Aldy','Oki','D4TI','2018-01-25'),
    ('11418040','Lamhot','Sion','D4TI','2018-01-25'),
    ('11418041','Hengki','A.P','D4TI','2018-01-25'),
    ('11418042','Grace','Ayuni','D4TI','2018-01-25'),
    ('11418043','Vetra','Febriyanti','D4TI','2018-01-25'),
    ('11418044','Risa','Jessica','D4TI','2018-01-25'),
    ('11418045','Martin','Simanjuntak','D4TI','2018-01-25'),
    ('11418046','Hosea','Felix','D4TI','2018-01-25'),
    ('11418047','Medianto','Saragih','D4TI','2018-01-25'),
    ('11418048','Surtina','a','D4TI','2018-01-25'),
    ('11418049','Yesiska','Romauli','D4TI','2018-01-25'),
    ('11418051','Kevin','Martua','D4TI','2018-01-25'),
    ('11418052','Gabriela','Melva','D4TI','2018-01-25'),
    ('11418053','Pande','Raja','D4TI','2018-01-25'),
    ('11418054','Chindy','Hutapea','D4TI','2018-01-25'),
    ('11418055','Saut','Raja','D4TI','2018-01-25'),
    ('11418056','Rince','Septriana','D4TI','2018-01-25'),
    ('11418058','Banta','Solagratia','D4TI','2018-01-25'),
    ('11418059','Manogunawan','Resqi','D4TI','2018-01-25'),
    ('14S18052','Elkana','Hutagalung','S1TE','2017-12-01'),
    ('14S19001','Andreas','Stephan','S1TE','2017-12-01'),
    ('14S19002','Nugraha','Augustinus','S1TE','2017-12-01'),
    ('14S19003','Armando','S.V','S1TE','2017-12-01'),
    ('14S19004','Kenny','Octavianus','S1TE','2017-12-01'),
    ('14S19005','Septian','G.','S1TE','2017-12-01'),
    ('14S19006','Gabriella','Sinaga','S1TE','2017-12-01'),
    ('14S19007','Josua','Halomoan','S1TE','2017-12-01'),
    ('14S19008','Anrian','Butar-butar','S1TE','2017-12-01'),
    ('14S19009','Herlanto','Exaudi','S1TE','2017-12-01'),
    ('14S19010','Sintong','Luhut','S1TE','2017-12-01'),
    ('14S19011','Yonatan','Ranto','S1TE','2017-12-01'),
    ('14S19013','Caroline','Yosefa','S1TE','2017-12-01'),
    ('14S19014','Sari','Desi','S1TE','2017-12-01'),
    ('14S19015','Raja','Agung','S1TE','2017-12-01'),
    ('14S19016','Nico','Velix','S1TE','2017-12-01'),
    ('14S19017','Julifer','Mauliate','S1TE','2017-12-01'),
    ('14S19018','Frans','Wesly','S1TE','2017-12-01'),
    ('14S19019','Yohn','Fhayer','S1TE','2017-12-01'),
    ('14S19020','Noel','Riki','S1TE','2017-12-01'),
    ('14S19021','Albert','Immanuel','S1TE','2017-12-01'),
    ('14S19022','Luis','Dumohar','S1TE','2017-12-01'),
    ('14S19023','Amos','Gomgom','S1TE','2017-12-01'),
    ('14S19024','Jeffrey','Jeverson','S1TE','2017-12-01'),
    ('14S19025','Morel','Yisrel','S1TE','2017-12-01'),
    ('14S19026','Dirwanto','Hezron','S1TE','2017-12-01'),
    ('14S19027','Marshal','Pirhotson','S1TE','2017-12-01');

-- DELETE FROM students
--
-- Indexes for dumped tables
--

--
-- Indexes for table `admin`
--
ALTER TABLE `admin`
 ADD PRIMARY KEY (`id`);

--
-- Indexes for table `books`
--
ALTER TABLE `books`
 ADD PRIMARY KEY (`book_id`);

--
-- Indexes for table `borrow`
--
ALTER TABLE `borrow`
 ADD PRIMARY KEY (`borrow_id`);

--
-- Indexes for table `category`
--
ALTER TABLE `category`
 ADD PRIMARY KEY (`id`);

--
-- Indexes for table `course`
--
ALTER TABLE `course`
 ADD PRIMARY KEY (`id`);

--
-- Indexes for table `returns`
--
ALTER TABLE `returns`
 ADD PRIMARY KEY (`return_id`);

--
-- Indexes for table `students`
--
ALTER TABLE `students`
 ADD PRIMARY KEY (`student_id`);

--
-- AUTO_INCREMENT for dumped tables
--

--
-- AUTO_INCREMENT for table `admin`
--
ALTER TABLE `admin`
MODIFY `id` INT(11) NOT NULL AUTO_INCREMENT,AUTO_INCREMENT=2;
--
-- AUTO_INCREMENT for table `books`
--
ALTER TABLE `books`
MODIFY `id` INT(11) NOT NULL AUTO_INCREMENT,AUTO_INCREMENT=10;
--
-- AUTO_INCREMENT for table `borrow`
--
ALTER TABLE `borrow`
MODIFY `id` INT(11) NOT NULL AUTO_INCREMENT,AUTO_INCREMENT=25;
--
-- AUTO_INCREMENT for table `category`
--
ALTER TABLE `category`
MODIFY `id` INT(11) NOT NULL AUTO_INCREMENT,AUTO_INCREMENT=6;
--
-- AUTO_INCREMENT for table `course`
--
ALTER TABLE `course`
MODIFY `id` INT(11) NOT NULL AUTO_INCREMENT,AUTO_INCREMENT=4;
--
-- AUTO_INCREMENT for table `returns`
--
ALTER TABLE `returns`
MODIFY `id` INT(11) NOT NULL AUTO_INCREMENT,AUTO_INCREMENT=6;
--
-- AUTO_INCREMENT for table `students`
--
ALTER TABLE `students`
MODIFY `student_id` INT(11) NOT NULL AUTO_INCREMENT,AUTO_INCREMENT=7;
/*!40101 SET CHARACTER_SET_CLIENT=@OLD_CHARACTER_SET_CLIENT */;
/*!40101 SET CHARACTER_SET_RESULTS=@OLD_CHARACTER_SET_RESULTS */;
/*!40101 SET COLLATION_CONNECTION=@OLD_COLLATION_CONNECTION */;

CREATE TABLE dim_date (
  time_id VARCHAR(11) NOT NULL,
  dates  VARCHAR(15) NOT NULL,
  years INT NOT NULL,
  qtr_name VARCHAR(11) NOT NULL,
  months INT NOT NULL,
  mo_name VARCHAR(11) NOT NULL,
  week_of_year INT NOT NULL,
  week_of_month VARCHAR(11) NOT NULL,
  day_of_year INT NOT NULL
)

-- DROP TABLE dim_date

ALTER TABLE dim_date ADD PRIMARY KEY (time_id);

INSERT INTO dim_date VALUES
    ('W01','1/1/2017',2017,'Q1',1,'Jan',1,'Wk 1',1),
    ('W02','1/2/2017',2017,'Q1',1,'Jan',1,'Wk 1',2),
    ('W03','1/3/2017',2017,'Q1',1,'Jan',1,'Wk 1',3),
    ('W04','1/4/2017',2017,'Q1',1,'Jan',1,'Wk 1',4),
    ('W05','1/5/2017',2017,'Q1',1,'Jan',2,'Wk 2',5),
    ('W06','1/6/2017',2017,'Q1',1,'Jan',2,'Wk 2',6),
    ('W07','1/7/2017',2017,'Q1',1,'Jan',2,'Wk 2',7),
    ('W08','1/8/2017',2017,'Q1',1,'Jan',2,'Wk 2',8),
    ('W09','1/9/2017',2017,'Q1',1,'Jan',2,'Wk 2',9),
    ('W10','1/10/2017',2017,'Q1',1,'Jan',2,'Wk 2',10),
    ('W11','1/11/2017',2017,'Q1',1,'Jan',2,'Wk 2',11),
    ('W12','1/12/2017',2017,'Q1',1,'Jan',3,'Wk 3',12),
    ('W13','1/13/2017',2017,'Q1',1,'Jan',3,'Wk 3',13),
    ('W14','1/14/2017',2017,'Q1',1,'Jan',3,'Wk 3',14),
    ('W15','1/15/2017',2017,'Q1',1,'Jan',3,'Wk 3',15),
    ('W16','1/16/2017',2017,'Q1',1,'Jan',3,'Wk 3',16),
    ('W17','1/17/2017',2017,'Q1',1,'Jan',3,'Wk 3',17),
    ('W18','1/18/2017',2017,'Q1',1,'Jan',3,'Wk 3',18),
    ('W19','1/19/2017',2017,'Q1',1,'Jan',4,'Wk 4',19),
    ('W20','1/20/2017',2017,'Q1',1,'Jan',4,'Wk 4',20),
    ('W21','1/21/2017',2017,'Q1',1,'Jan',4,'Wk 4',21),
    ('W22','1/22/2017',2017,'Q1',1,'Jan',4,'Wk 4',22),
    ('W23','1/23/2017',2017,'Q1',1,'Jan',4,'Wk 4',23),
    ('W24','1/24/2017',2017,'Q1',1,'Jan',4,'Wk 4',24),
    ('W25','1/25/2017',2017,'Q1',1,'Jan',4,'Wk 4',25),
    ('W26','1/26/2017',2017,'Q1',1,'Jan',5,'Wk 5',26),
    ('W27','1/27/2017',2017,'Q1',1,'Jan',5,'Wk 5',27),
    ('W28','1/28/2017',2017,'Q1',1,'Jan',5,'Wk 5',28),
    ('W29','1/29/2017',2017,'Q1',1,'Jan',5,'Wk 5',29),
    ('W30','1/30/2017',2017,'Q1',1,'Jan',5,'Wk 5',30),
    ('W31','1/31/2017',2017,'Q1',1,'Jan',5,'Wk 5',31),
    ('W32','2/1/2017',2017,'Q1',2,'Feb',5,'Wk 1',32),
    ('W33','2/2/2017',2017,'Q1',2,'Feb',6,'Wk 2',33),
    ('W34','2/3/2017',2017,'Q1',2,'Feb',6,'Wk 2',34),
    ('W35','2/4/2017',2017,'Q1',2,'Feb',6,'Wk 2',35),
    ('W36','2/5/2017',2017,'Q1',2,'Feb',6,'Wk 2',36),
    ('W37','2/6/2017',2017,'Q1',2,'Feb',6,'Wk 2',37),
    ('W38','2/7/2017',2017,'Q1',2,'Feb',6,'Wk 2',38),
    ('W39','2/8/2017',2017,'Q1',2,'Feb',6,'Wk 2',39),
    ('W40','2/9/2017',2017,'Q1',2,'Feb',7,'Wk 3',40),
    ('W41','2/10/2017',2017,'Q1',2,'Feb',7,'Wk 3',41),
    ('W42','2/11/2017',2017,'Q1',2,'Feb',7,'Wk 3',42),
    ('W43','2/12/2017',2017,'Q1',2,'Feb',7,'Wk 3',43),
    ('W44','2/13/2017',2017,'Q1',2,'Feb',7,'Wk 3',44),
    ('W45','2/14/2017',2017,'Q1',2,'Feb',7,'Wk 3',45),
    ('W46','2/15/2017',2017,'Q1',2,'Feb',7,'Wk 3',46),
    ('W47','2/16/2017',2017,'Q1',2,'Feb',8,'Wk 4',47),
    ('W48','2/17/2017',2017,'Q1',2,'Feb',8,'Wk 4',48),
    ('W49','2/18/2017',2017,'Q1',2,'Feb',8,'Wk 4',49),
    ('W50','2/19/2017',2017,'Q1',2,'Feb',8,'Wk 4',50),
    ('W51','2/20/2017',2017,'Q1',2,'Feb',8,'Wk 4',51),
    ('W52','2/21/2017',2017,'Q1',2,'Feb',8,'Wk 4',52),
    ('W53','2/22/2017',2017,'Q1',2,'Feb',8,'Wk 4',53),
    ('W54','2/23/2017',2017,'Q1',2,'Feb',9,'Wk 5',54),
    ('W55','2/24/2017',2017,'Q1',2,'Feb',9,'Wk 5',55),
    ('W56','2/25/2017',2017,'Q1',2,'Feb',9,'Wk 5',56),
    ('W57','2/26/2017',2017,'Q1',2,'Feb',9,'Wk 5',57),
    ('W58','2/27/2017',2017,'Q1',2,'Feb',9,'Wk 5',58),
    ('W59','2/28/2017',2017,'Q1',2,'Feb',9,'Wk 5',59),
    ('W60','3/1/2017',2017,'Q1',3,'Mar',9,'Wk 1',60),
    ('W61','3/2/2017',2017,'Q1',3,'Mar',10,'Wk 2',61),
    ('W62','3/3/2017',2017,'Q1',3,'Mar',10,'Wk 2',62),
    ('W63','3/4/2017',2017,'Q1',3,'Mar',10,'Wk 2',63),
    ('W64','3/5/2017',2017,'Q1',3,'Mar',10,'Wk 2',64),
    ('W65','3/6/2017',2017,'Q1',3,'Mar',10,'Wk 2',65),
    ('W66','3/7/2017',2017,'Q1',3,'Mar',10,'Wk 2',66),
    ('W67','3/8/2017',2017,'Q1',3,'Mar',10,'Wk 2',67),
    ('W68','3/9/2017',2017,'Q1',3,'Mar',11,'Wk 3',68),
    ('W69','3/10/2017',2017,'Q1',3,'Mar',11,'Wk 3',69),
    ('W70','3/11/2017',2017,'Q1',3,'Mar',11,'Wk 3',70),
    ('W71','3/12/2017',2017,'Q1',3,'Mar',11,'Wk 3',71),
    ('W72','3/13/2017',2017,'Q1',3,'Mar',11,'Wk 3',72),
    ('W73','3/14/2017',2017,'Q1',3,'Mar',11,'Wk 3',73),
    ('W74','3/15/2017',2017,'Q1',3,'Mar',11,'Wk 3',74),
    ('W75','3/16/2017',2017,'Q1',3,'Mar',12,'Wk 4',75),
    ('W76','3/17/2017',2017,'Q1',3,'Mar',12,'Wk 4',76),
    ('W77','3/18/2017',2017,'Q1',3,'Mar',12,'Wk 4',77),
    ('W78','3/19/2017',2017,'Q1',3,'Mar',12,'Wk 4',78),
    ('W79','3/20/2017',2017,'Q1',3,'Mar',12,'Wk 4',79),
    ('W80','3/21/2017',2017,'Q1',3,'Mar',12,'Wk 4',80),
    ('W81','3/22/2017',2017,'Q1',3,'Mar',12,'Wk 4',81),
    ('W82','3/23/2017',2017,'Q1',3,'Mar',13,'Wk 5',82),
    ('W83','3/24/2017',2017,'Q1',3,'Mar',13,'Wk 5',83),
    ('W84','3/25/2017',2017,'Q1',3,'Mar',13,'Wk 5',84),
    ('W85','3/26/2017',2017,'Q1',3,'Mar',13,'Wk 5',85),
    ('W86','3/27/2017',2017,'Q1',3,'Mar',13,'Wk 5',86),
    ('W87','3/28/2017',2017,'Q1',3,'Mar',13,'Wk 5',87),
    ('W88','3/29/2017',2017,'Q1',3,'Mar',13,'Wk 5',88),
    ('W89','3/30/2017',2017,'Q1',3,'Mar',14,'Wk 6',89),
    ('W90','3/31/2017',2017,'Q1',3,'Mar',14,'Wk 6',90),
    ('W91','4/1/2017',2017,'Q2',4,'Apr',14,'Wk 1',91),
    ('W92','4/2/2017',2017,'Q2',4,'Apr',14,'Wk 1',92),
    ('W93','4/3/2017',2017,'Q2',4,'Apr',14,'Wk 1',93),
    ('W94','4/4/2017',2017,'Q2',4,'Apr',14,'Wk 1',94),
    ('W95','4/5/2017',2017,'Q2',4,'Apr',14,'Wk 1',95),
    ('W96','4/6/2017',2017,'Q2',4,'Apr',15,'Wk 2',96),
    ('W97','4/7/2017',2017,'Q2',4,'Apr',15,'Wk 2',97),
    ('W98','4/8/2017',2017,'Q2',4,'Apr',15,'Wk 2',98),
    ('W99','4/9/2017',2017,'Q2',4,'Apr',15,'Wk 2',99),
    ('W100','4/10/2017',2017,'Q2',4,'Apr',15,'Wk 2',100),
    ('W101','4/11/2017',2017,'Q2',4,'Apr',15,'Wk 2',101),
    ('W102','4/12/2017',2017,'Q2',4,'Apr',15,'Wk 2',102),
    ('W103','4/13/2017',2017,'Q2',4,'Apr',16,'Wk 3',103),
    ('W104','4/14/2017',2017,'Q2',4,'Apr',16,'Wk 3',104),
    ('W105','4/15/2017',2017,'Q2',4,'Apr',16,'Wk 3',105),
    ('W106','4/16/2017',2017,'Q2',4,'Apr',16,'Wk 3',106),
    ('W107','4/17/2017',2017,'Q2',4,'Apr',16,'Wk 3',107),
    ('W108','4/18/2017',2017,'Q2',4,'Apr',16,'Wk 3',108),
    ('W109','4/19/2017',2017,'Q2',4,'Apr',16,'Wk 3',109),
    ('W110','4/20/2017',2017,'Q2',4,'Apr',17,'Wk 4',110),
    ('W111','4/21/2017',2017,'Q2',4,'Apr',17,'Wk 4',111),
    ('W112','4/22/2017',2017,'Q2',4,'Apr',17,'Wk 4',112),
    ('W113','4/23/2017',2017,'Q2',4,'Apr',17,'Wk 4',113),
    ('W114','4/24/2017',2017,'Q2',4,'Apr',17,'Wk 4',114),
    ('W115','4/25/2017',2017,'Q2',4,'Apr',17,'Wk 4',115),
    ('W116','4/26/2017',2017,'Q2',4,'Apr',17,'Wk 4',116),
    ('W117','4/27/2017',2017,'Q2',4,'Apr',18,'Wk 5',117),
    ('W118','4/28/2017',2017,'Q2',4,'Apr',18,'Wk 5',118),
    ('W119','4/29/2017',2017,'Q2',4,'Apr',18,'Wk 5',119),
    ('W120','4/30/2017',2017,'Q2',4,'Apr',18,'Wk 5',120),
    ('W121','5/1/2017',2017,'Q2',5,'May',18,'Wk 1',121),
    ('W122','5/2/2017',2017,'Q2',5,'May',18,'Wk 1',122),
    ('W123','5/3/2017',2017,'Q2',5,'May',18,'Wk 1',123),
    ('W124','5/4/2017',2017,'Q2',5,'May',19,'Wk 2',124),
    ('W125','5/5/2017',2017,'Q2',5,'May',19,'Wk 2',125),
    ('W126','5/6/2017',2017,'Q2',5,'May',19,'Wk 2',126),
    ('W127','5/7/2017',2017,'Q2',5,'May',19,'Wk 2',127),
    ('W128','5/8/2017',2017,'Q2',5,'May',19,'Wk 2',128),
    ('W129','5/9/2017',2017,'Q2',5,'May',19,'Wk 2',129),
    ('W130','5/10/2017',2017,'Q2',5,'May',19,'Wk 2',130),
    ('W131','5/11/2017',2017,'Q2',5,'May',20,'Wk 3',131),
    ('W132','5/12/2017',2017,'Q2',5,'May',20,'Wk 3',132),
    ('W133','5/13/2017',2017,'Q2',5,'May',20,'Wk 3',133),
    ('W134','5/14/2017',2017,'Q2',5,'May',20,'Wk 3',134),
    ('W135','5/15/2017',2017,'Q2',5,'May',20,'Wk 3',135),
    ('W136','5/16/2017',2017,'Q2',5,'May',20,'Wk 3',136),
    ('W137','5/17/2017',2017,'Q2',5,'May',20,'Wk 3',137),
    ('W138','5/18/2017',2017,'Q2',5,'May',21,'Wk 4',138),
    ('W139','5/19/2017',2017,'Q2',5,'May',21,'Wk 4',139),
    ('W140','5/20/2017',2017,'Q2',5,'May',21,'Wk 4',140),
    ('W141','5/21/2017',2017,'Q2',5,'May',21,'Wk 4',141),
    ('W142','5/22/2017',2017,'Q2',5,'May',21,'Wk 4',142),
    ('W143','5/23/2017',2017,'Q2',5,'May',21,'Wk 4',143),
    ('W144','5/24/2017',2017,'Q2',5,'May',21,'Wk 4',144),
    ('W145','5/25/2017',2017,'Q2',5,'May',22,'Wk 5',145),
    ('W146','5/26/2017',2017,'Q2',5,'May',22,'Wk 5',146),
    ('W147','5/27/2017',2017,'Q2',5,'May',22,'Wk 5',147),
    ('W148','5/28/2017',2017,'Q2',5,'May',22,'Wk 5',148),
    ('W149','5/29/2017',2017,'Q2',5,'May',22,'Wk 5',149),
    ('W150','5/30/2017',2017,'Q2',5,'May',22,'Wk 5',150),
    ('W151','5/31/2017',2017,'Q2',5,'May',22,'Wk 5',151),
    ('W152','6/1/2017',2017,'Q2',6,'Jun',23,'Wk 1',152),
    ('W153','6/2/2017',2017,'Q2',6,'Jun',23,'Wk 1',153),
    ('W154','6/3/2017',2017,'Q2',6,'Jun',23,'Wk 1',154),
    ('W155','6/4/2017',2017,'Q2',6,'Jun',23,'Wk 1',155),
    ('W156','6/5/2017',2017,'Q2',6,'Jun',23,'Wk 1',156),
    ('W157','6/6/2017',2017,'Q2',6,'Jun',23,'Wk 1',157),
    ('W158','6/7/2017',2017,'Q2',6,'Jun',23,'Wk 1',158),
    ('W159','6/8/2017',2017,'Q2',6,'Jun',24,'Wk 2',159),
    ('W160','6/9/2017',2017,'Q2',6,'Jun',24,'Wk 2',160),
    ('W161','6/10/2017',2017,'Q2',6,'Jun',24,'Wk 2',161),
    ('W162','6/11/2017',2017,'Q2',6,'Jun',24,'Wk 2',162),
    ('W163','6/12/2017',2017,'Q2',6,'Jun',24,'Wk 2',163),
    ('W164','6/13/2017',2017,'Q2',6,'Jun',24,'Wk 2',164),
    ('W165','6/14/2017',2017,'Q2',6,'Jun',24,'Wk 2',165),
    ('W166','6/15/2017',2017,'Q2',6,'Jun',25,'Wk 3',166),
    ('W167','6/16/2017',2017,'Q2',6,'Jun',25,'Wk 3',167),
    ('W168','6/17/2017',2017,'Q2',6,'Jun',25,'Wk 3',168),
    ('W169','6/18/2017',2017,'Q2',6,'Jun',25,'Wk 3',169),
    ('W170','6/19/2017',2017,'Q2',6,'Jun',25,'Wk 3',170),
    ('W171','6/20/2017',2017,'Q2',6,'Jun',25,'Wk 3',171),
    ('W172','6/21/2017',2017,'Q2',6,'Jun',25,'Wk 3',172),
    ('W173','6/22/2017',2017,'Q2',6,'Jun',26,'Wk 4',173),
    ('W174','6/23/2017',2017,'Q2',6,'Jun',26,'Wk 4',174),
    ('W175','6/24/2017',2017,'Q2',6,'Jun',26,'Wk 4',175),
    ('W176','6/25/2017',2017,'Q2',6,'Jun',26,'Wk 4',176),
    ('W177','6/26/2017',2017,'Q2',6,'Jun',26,'Wk 4',177),
    ('W178','6/27/2017',2017,'Q2',6,'Jun',26,'Wk 4',178),
    ('W179','6/28/2017',2017,'Q2',6,'Jun',26,'Wk 4',179),
    ('W180','6/29/2017',2017,'Q2',6,'Jun',27,'Wk 5',180),
    ('W181','6/30/2017',2017,'Q2',6,'Jun',27,'Wk 5',181),
    ('W182','7/1/2017',2017,'Q3',7,'Jul',27,'Wk 1',182),
    ('W183','7/2/2017',2017,'Q3',7,'Jul',27,'Wk 1',183),
    ('W184','7/3/2017',2017,'Q3',7,'Jul',27,'Wk 1',184),
    ('W185','7/4/2017',2017,'Q3',7,'Jul',27,'Wk 1',185),
    ('W186','7/5/2017',2017,'Q3',7,'Jul',27,'Wk 1',186),
    ('W187','7/6/2017',2017,'Q3',7,'Jul',28,'Wk 2',187),
    ('W188','7/7/2017',2017,'Q3',7,'Jul',28,'Wk 2',188),
    ('W189','7/8/2017',2017,'Q3',7,'Jul',28,'Wk 2',189),
    ('W190','7/9/2017',2017,'Q3',7,'Jul',28,'Wk 2',190),
    ('W191','7/10/2017',2017,'Q3',7,'Jul',28,'Wk 2',191),
    ('W192','7/11/2017',2017,'Q3',7,'Jul',28,'Wk 2',192),
    ('W193','7/12/2017',2017,'Q3',7,'Jul',28,'Wk 2',193),
    ('W194','7/13/2017',2017,'Q3',7,'Jul',29,'Wk 3',194),
    ('W195','7/14/2017',2017,'Q3',7,'Jul',29,'Wk 3',195),
    ('W196','7/15/2017',2017,'Q3',7,'Jul',29,'Wk 3',196),
    ('W197','7/16/2017',2017,'Q3',7,'Jul',29,'Wk 3',197),
    ('W198','7/17/2017',2017,'Q3',7,'Jul',29,'Wk 3',198),
    ('W199','7/18/2017',2017,'Q3',7,'Jul',29,'Wk 3',199),
    ('W200','7/19/2017',2017,'Q3',7,'Jul',29,'Wk 3',200),
    ('W201','7/20/2017',2017,'Q3',7,'Jul',30,'Wk 4',201),
    ('W202','7/21/2017',2017,'Q3',7,'Jul',30,'Wk 4',202),
    ('W203','7/22/2017',2017,'Q3',7,'Jul',30,'Wk 4',203),
    ('W204','7/23/2017',2017,'Q3',7,'Jul',30,'Wk 4',204),
    ('W205','7/24/2017',2017,'Q3',7,'Jul',30,'Wk 4',205),
    ('W206','7/25/2017',2017,'Q3',7,'Jul',30,'Wk 4',206),
    ('W207','7/26/2017',2017,'Q3',7,'Jul',30,'Wk 4',207),
    ('W208','7/27/2017',2017,'Q3',7,'Jul',31,'Wk 5',208),
    ('W209','7/28/2017',2017,'Q3',7,'Jul',31,'Wk 5',209),
    ('W210','7/29/2017',2017,'Q3',7,'Jul',31,'Wk 5',210),
    ('W211','7/30/2017',2017,'Q3',7,'Jul',31,'Wk 5',211),
    ('W212','7/31/2017',2017,'Q3',7,'Jul',31,'Wk 5',212),
    ('W213','8/1/2017',2017,'Q3',8,'Aug',31,'Wk 1',213),
    ('W214','8/2/2017',2017,'Q3',8,'Aug',31,'Wk 1',214),
    ('W215','8/3/2017',2017,'Q3',8,'Aug',32,'Wk 2',215),
    ('W216','8/4/2017',2017,'Q3',8,'Aug',32,'Wk 2',216),
    ('W217','8/5/2017',2017,'Q3',8,'Aug',32,'Wk 2',217),
    ('W218','8/6/2017',2017,'Q3',8,'Aug',32,'Wk 2',218),
    ('W219','8/7/2017',2017,'Q3',8,'Aug',32,'Wk 2',219),
    ('W220','8/8/2017',2017,'Q3',8,'Aug',32,'Wk 2',220),
    ('W221','8/9/2017',2017,'Q3',8,'Aug',32,'Wk 2',221),
    ('W222','8/10/2017',2017,'Q3',8,'Aug',33,'Wk 3',222),
    ('W223','8/11/2017',2017,'Q3',8,'Aug',33,'Wk 3',223),
    ('W224','8/12/2017',2017,'Q3',8,'Aug',33,'Wk 3',224),
    ('W225','8/13/2017',2017,'Q3',8,'Aug',33,'Wk 3',225),
    ('W226','8/14/2017',2017,'Q3',8,'Aug',33,'Wk 3',226),
    ('W227','8/15/2017',2017,'Q3',8,'Aug',33,'Wk 3',227),
    ('W228','8/16/2017',2017,'Q3',8,'Aug',33,'Wk 3',228),
    ('W229','8/17/2017',2017,'Q3',8,'Aug',34,'Wk 4',229),
    ('W230','8/18/2017',2017,'Q3',8,'Aug',34,'Wk 4',230),
    ('W231','8/19/2017',2017,'Q3',8,'Aug',34,'Wk 4',231),
    ('W232','8/20/2017',2017,'Q3',8,'Aug',34,'Wk 4',232),
    ('W233','8/21/2017',2017,'Q3',8,'Aug',34,'Wk 4',233),
    ('W234','8/22/2017',2017,'Q3',8,'Aug',34,'Wk 4',234),
    ('W235','8/23/2017',2017,'Q3',8,'Aug',34,'Wk 4',235),
    ('W236','8/24/2017',2017,'Q3',8,'Aug',35,'Wk 5',236),
    ('W237','8/25/2017',2017,'Q3',8,'Aug',35,'Wk 5',237),
    ('W238','8/26/2017',2017,'Q3',8,'Aug',35,'Wk 5',238),
    ('W239','8/27/2017',2017,'Q3',8,'Aug',35,'Wk 5',239),
    ('W240','8/28/2017',2017,'Q3',8,'Aug',35,'Wk 5',240),
    ('W241','8/29/2017',2017,'Q3',8,'Aug',35,'Wk 5',241),
    ('W242','8/30/2017',2017,'Q3',8,'Aug',35,'Wk 5',242),
    ('W243','8/31/2017',2017,'Q3',8,'Aug',36,'Wk 6',243),
    ('W244','9/1/2017',2017,'Q3',9,'Sep',36,'Wk 1',244),
    ('W245','9/2/2017',2017,'Q3',9,'Sep',36,'Wk 1',245),
    ('W246','9/3/2017',2017,'Q3',9,'Sep',36,'Wk 1',246),
    ('W247','9/4/2017',2017,'Q3',9,'Sep',36,'Wk 1',247),
    ('W248','9/5/2017',2017,'Q3',9,'Sep',36,'Wk 1',248),
    ('W249','9/6/2017',2017,'Q3',9,'Sep',36,'Wk 1',249),
    ('W250','9/7/2017',2017,'Q3',9,'Sep',37,'Wk 2',250),
    ('W251','9/8/2017',2017,'Q3',9,'Sep',37,'Wk 2',251),
    ('W252','9/9/2017',2017,'Q3',9,'Sep',37,'Wk 2',252),
    ('W253','9/10/2017',2017,'Q3',9,'Sep',37,'Wk 2',253),
    ('W254','9/11/2017',2017,'Q3',9,'Sep',37,'Wk 2',254),
    ('W255','9/12/2017',2017,'Q3',9,'Sep',37,'Wk 2',255),
    ('W256','9/13/2017',2017,'Q3',9,'Sep',37,'Wk 2',256),
    ('W257','9/14/2017',2017,'Q3',9,'Sep',38,'Wk 3',257),
    ('W258','9/15/2017',2017,'Q3',9,'Sep',38,'Wk 3',258),
    ('W259','9/16/2017',2017,'Q3',9,'Sep',38,'Wk 3',259),
    ('W260','9/17/2017',2017,'Q3',9,'Sep',38,'Wk 3',260),
    ('W261','9/18/2017',2017,'Q3',9,'Sep',38,'Wk 3',261),
    ('W262','9/19/2017',2017,'Q3',9,'Sep',38,'Wk 3',262),
    ('W263','9/20/2017',2017,'Q3',9,'Sep',38,'Wk 3',263),
    ('W264','9/21/2017',2017,'Q3',9,'Sep',39,'Wk 4',264),
    ('W265','9/22/2017',2017,'Q3',9,'Sep',39,'Wk 4',265),
    ('W266','9/23/2017',2017,'Q3',9,'Sep',39,'Wk 4',266),
    ('W267','9/24/2017',2017,'Q3',9,'Sep',39,'Wk 4',267),
    ('W268','9/25/2017',2017,'Q3',9,'Sep',39,'Wk 4',268),
    ('W269','9/26/2017',2017,'Q3',9,'Sep',39,'Wk 4',269),
    ('W270','9/27/2017',2017,'Q3',9,'Sep',39,'Wk 4',270),
    ('W271','9/28/2017',2017,'Q3',9,'Sep',40,'Wk 5',271),
    ('W272','9/29/2017',2017,'Q3',9,'Sep',40,'Wk 5',272),
    ('W273','9/30/2017',2017,'Q3',9,'Sep',40,'Wk 5',273),
    ('W274','10/1/2017',2017,'Q4',10,'Oct',40,'Wk 1',274),
    ('W275','10/2/2017',2017,'Q4',10,'Oct',40,'Wk 1',275),
    ('W276','10/3/2017',2017,'Q4',10,'Oct',40,'Wk 1',276),
    ('W277','10/4/2017',2017,'Q4',10,'Oct',40,'Wk 1',277),
    ('W278','10/5/2017',2017,'Q4',10,'Oct',41,'Wk 2',278),
    ('W279','10/6/2017',2017,'Q4',10,'Oct',41,'Wk 2',279),
    ('W280','10/7/2017',2017,'Q4',10,'Oct',41,'Wk 2',280),
    ('W281','10/8/2017',2017,'Q4',10,'Oct',41,'Wk 2',281),
    ('W282','10/9/2017',2017,'Q4',10,'Oct',41,'Wk 2',282),
    ('W283','10/10/2017',2017,'Q4',10,'Oct',41,'Wk 2',283),
    ('W284','10/11/2017',2017,'Q4',10,'Oct',41,'Wk 2',284),
    ('W285','10/12/2017',2017,'Q4',10,'Oct',42,'Wk 3',285),
    ('W286','10/13/2017',2017,'Q4',10,'Oct',42,'Wk 3',286),
    ('W287','10/14/2017',2017,'Q4',10,'Oct',42,'Wk 3',287),
    ('W288','10/15/2017',2017,'Q4',10,'Oct',42,'Wk 3',288),
    ('W289','10/16/2017',2017,'Q4',10,'Oct',42,'Wk 3',289),
    ('W290','10/17/2017',2017,'Q4',10,'Oct',42,'Wk 3',290),
    ('W291','10/18/2017',2017,'Q4',10,'Oct',42,'Wk 3',291),
    ('W292','10/19/2017',2017,'Q4',10,'Oct',43,'Wk 4',292),
    ('W293','10/20/2017',2017,'Q4',10,'Oct',43,'Wk 4',293),
    ('W294','10/21/2017',2017,'Q4',10,'Oct',43,'Wk 4',294),
    ('W295','10/22/2017',2017,'Q4',10,'Oct',43,'Wk 4',295),
    ('W296','10/23/2017',2017,'Q4',10,'Oct',43,'Wk 4',296),
    ('W297','10/24/2017',2017,'Q4',10,'Oct',43,'Wk 4',297),
    ('W298','10/25/2017',2017,'Q4',10,'Oct',43,'Wk 4',298),
    ('W299','10/26/2017',2017,'Q4',10,'Oct',44,'Wk 5',299),
    ('W300','10/27/2017',2017,'Q4',10,'Oct',44,'Wk 5',300),
    ('W301','10/28/2017',2017,'Q4',10,'Oct',44,'Wk 5',301),
    ('W302','10/29/2017',2017,'Q4',10,'Oct',44,'Wk 5',302),
    ('W303','10/30/2017',2017,'Q4',10,'Oct',44,'Wk 5',303),
    ('W304','10/31/2017',2017,'Q4',10,'Oct',44,'Wk 5',304),
    ('W305','11/1/2017',2017,'Q4',11,'Nov',44,'Wk 1',305),
    ('W306','11/2/2017',2017,'Q4',11,'Nov',45,'Wk 2',306),
    ('W307','11/3/2017',2017,'Q4',11,'Nov',45,'Wk 2',307),
    ('W308','11/4/2017',2017,'Q4',11,'Nov',45,'Wk 2',308),
    ('W309','11/5/2017',2017,'Q4',11,'Nov',45,'Wk 2',309),
    ('W310','11/6/2017',2017,'Q4',11,'Nov',45,'Wk 2',310),
    ('W311','11/7/2017',2017,'Q4',11,'Nov',45,'Wk 2',311),
    ('W312','11/8/2017',2017,'Q4',11,'Nov',45,'Wk 2',312),
    ('W313','11/9/2017',2017,'Q4',11,'Nov',46,'Wk 3',313),
    ('W314','11/10/2017',2017,'Q4',11,'Nov',46,'Wk 3',314),
    ('W315','11/11/2017',2017,'Q4',11,'Nov',46,'Wk 3',315),
    ('W316','11/12/2017',2017,'Q4',11,'Nov',46,'Wk 3',316),
    ('W317','11/13/2017',2017,'Q4',11,'Nov',46,'Wk 3',317),
    ('W318','11/14/2017',2017,'Q4',11,'Nov',46,'Wk 3',318),
    ('W319','11/15/2017',2017,'Q4',11,'Nov',46,'Wk 3',319),
    ('W320','11/16/2017',2017,'Q4',11,'Nov',47,'Wk 4',320),
    ('W321','11/17/2017',2017,'Q4',11,'Nov',47,'Wk 4',321),
    ('W322','11/18/2017',2017,'Q4',11,'Nov',47,'Wk 4',322),
    ('W323','11/19/2017',2017,'Q4',11,'Nov',47,'Wk 4',323),
    ('W324','11/20/2017',2017,'Q4',11,'Nov',47,'Wk 4',324),
    ('W325','11/21/2017',2017,'Q4',11,'Nov',47,'Wk 4',325),
    ('W326','11/22/2017',2017,'Q4',11,'Nov',47,'Wk 4',326),
    ('W327','11/23/2017',2017,'Q4',11,'Nov',48,'Wk 5',327),
    ('W328','11/24/2017',2017,'Q4',11,'Nov',48,'Wk 5',328),
    ('W329','11/25/2017',2017,'Q4',11,'Nov',48,'Wk 5',329),
    ('W330','11/26/2017',2017,'Q4',11,'Nov',48,'Wk 5',330),
    ('W331','11/27/2017',2017,'Q4',11,'Nov',48,'Wk 5',331),
    ('W332','11/28/2017',2017,'Q4',11,'Nov',48,'Wk 5',332),
    ('W333','11/29/2017',2017,'Q4',11,'Nov',48,'Wk 5',333),
    ('W334','11/30/2017',2017,'Q4',11,'Nov',49,'Wk 6',334),
    ('W335','12/1/2017',2017,'Q4',12,'Dec',49,'Wk 1',335),
    ('W336','12/2/2017',2017,'Q4',12,'Dec',49,'Wk 1',336),
    ('W337','12/3/2017',2017,'Q4',12,'Dec',49,'Wk 1',337),
    ('W338','12/4/2017',2017,'Q4',12,'Dec',49,'Wk 1',338),
    ('W339','12/5/2017',2017,'Q4',12,'Dec',49,'Wk 1',339),
    ('W340','12/6/2017',2017,'Q4',12,'Dec',49,'Wk 1',340),
    ('W341','12/7/2017',2017,'Q4',12,'Dec',50,'Wk 2',341),
    ('W342','12/8/2017',2017,'Q4',12,'Dec',50,'Wk 2',342),
    ('W343','12/9/2017',2017,'Q4',12,'Dec',50,'Wk 2',343),
    ('W344','12/10/2017',2017,'Q4',12,'Dec',50,'Wk 2',344),
    ('W345','12/11/2017',2017,'Q4',12,'Dec',50,'Wk 2',345),
    ('W346','12/12/2017',2017,'Q4',12,'Dec',50,'Wk 2',346),
    ('W347','12/13/2017',2017,'Q4',12,'Dec',50,'Wk 2',347),
    ('W348','12/14/2017',2017,'Q4',12,'Dec',51,'Wk 3',348),
    ('W349','12/15/2017',2017,'Q4',12,'Dec',51,'Wk 3',349),
    ('W350','12/16/2017',2017,'Q4',12,'Dec',51,'Wk 3',350),
    ('W351','12/17/2017',2017,'Q4',12,'Dec',51,'Wk 3',351),
    ('W352','12/18/2017',2017,'Q4',12,'Dec',51,'Wk 3',352),
    ('W353','12/19/2017',2017,'Q4',12,'Dec',51,'Wk 3',353),
    ('W354','12/20/2017',2017,'Q4',12,'Dec',51,'Wk 3',354),
    ('W355','12/21/2017',2017,'Q4',12,'Dec',52,'Wk 4',355),
    ('W356','12/22/2017',2017,'Q4',12,'Dec',52,'Wk 4',356),
    ('W357','12/23/2017',2017,'Q4',12,'Dec',52,'Wk 4',357),
    ('W358','12/24/2017',2017,'Q4',12,'Dec',52,'Wk 4',358),
    ('W359','12/25/2017',2017,'Q4',12,'Dec',52,'Wk 4',359),
    ('W360','12/26/2017',2017,'Q4',12,'Dec',52,'Wk 4',360),
    ('W361','12/27/2017',2017,'Q4',12,'Dec',52,'Wk 4',361),
    ('W362','12/28/2017',2017,'Q4',12,'Dec',53,'Wk 5',362),
    ('W363','12/29/2017',2017,'Q4',12,'Dec',53,'Wk 5',363),
    ('W364','12/30/2017',2017,'Q4',12,'Dec',53,'Wk 5',364),
    ('W365','12/31/2017',2017,'Q4',12,'Dec',53,'Wk 5',365),
    ('W366','1/1/2018',2018,'Q1',1,'Jan',1,'Wk 1',1),
    ('W367','1/2/2018',2018,'Q1',1,'Jan',1,'Wk 1',2),
    ('W368','1/3/2018',2018,'Q1',1,'Jan',1,'Wk 1',3),
    ('W369','1/4/2018',2018,'Q1',1,'Jan',2,'Wk 2',4),
    ('W370','1/5/2018',2018,'Q1',1,'Jan',2,'Wk 2',5),
    ('W371','1/6/2018',2018,'Q1',1,'Jan',2,'Wk 2',6),
    ('W372','1/7/2018',2018,'Q1',1,'Jan',2,'Wk 2',7),
    ('W373','1/8/2018',2018,'Q1',1,'Jan',2,'Wk 2',8),
    ('W374','1/9/2018',2018,'Q1',1,'Jan',2,'Wk 2',9),
    ('W375','1/10/2018',2018,'Q1',1,'Jan',2,'Wk 2',10),
    ('W376','1/11/2018',2018,'Q1',1,'Jan',3,'Wk 3',11),
    ('W377','1/12/2018',2018,'Q1',1,'Jan',3,'Wk 3',12),
    ('W378','1/13/2018',2018,'Q1',1,'Jan',3,'Wk 3',13),
    ('W379','1/14/2018',2018,'Q1',1,'Jan',3,'Wk 3',14),
    ('W380','1/15/2018',2018,'Q1',1,'Jan',3,'Wk 3',15),
    ('W381','1/16/2018',2018,'Q1',1,'Jan',3,'Wk 3',16),
    ('W382','1/17/2018',2018,'Q1',1,'Jan',3,'Wk 3',17),
    ('W383','1/18/2018',2018,'Q1',1,'Jan',4,'Wk 4',18),
    ('W384','1/19/2018',2018,'Q1',1,'Jan',4,'Wk 4',19),
    ('W385','1/20/2018',2018,'Q1',1,'Jan',4,'Wk 4',20),
    ('W386','1/21/2018',2018,'Q1',1,'Jan',4,'Wk 4',21),
    ('W387','1/22/2018',2018,'Q1',1,'Jan',4,'Wk 4',22),
    ('W388','1/23/2018',2018,'Q1',1,'Jan',4,'Wk 4',23),
    ('W389','1/24/2018',2018,'Q1',1,'Jan',4,'Wk 4',24),
    ('W390','1/25/2018',2018,'Q1',1,'Jan',5,'Wk 5',25),
    ('W391','1/26/2018',2018,'Q1',1,'Jan',5,'Wk 5',26),
    ('W392','1/27/2018',2018,'Q1',1,'Jan',5,'Wk 5',27),
    ('W393','1/28/2018',2018,'Q1',1,'Jan',5,'Wk 5',28),
    ('W394','1/29/2018',2018,'Q1',1,'Jan',5,'Wk 5',29),
    ('W395','1/30/2018',2018,'Q1',1,'Jan',5,'Wk 5',30),
    ('W396','1/31/2018',2018,'Q1',1,'Jan',5,'Wk 5',31),
    ('W397','2/1/2018',2018,'Q1',2,'Feb',6,'Wk 1',32),
    ('W398','2/2/2018',2018,'Q1',2,'Feb',6,'Wk 1',33),
    ('W399','2/3/2018',2018,'Q1',2,'Feb',6,'Wk 1',34),
    ('W400','2/4/2018',2018,'Q1',2,'Feb',6,'Wk 1',35),
    ('W401','2/5/2018',2018,'Q1',2,'Feb',6,'Wk 1',36),
    ('W402','2/6/2018',2018,'Q1',2,'Feb',6,'Wk 1',37),
    ('W403','2/7/2018',2018,'Q1',2,'Feb',6,'Wk 1',38),
    ('W404','2/8/2018',2018,'Q1',2,'Feb',7,'Wk 2',39),
    ('W405','2/9/2018',2018,'Q1',2,'Feb',7,'Wk 2',40),
    ('W406','2/10/2018',2018,'Q1',2,'Feb',7,'Wk 2',41),
    ('W407','2/11/2018',2018,'Q1',2,'Feb',7,'Wk 2',42),
    ('W408','2/12/2018',2018,'Q1',2,'Feb',7,'Wk 2',43),
    ('W409','2/13/2018',2018,'Q1',2,'Feb',7,'Wk 2',44),
    ('W410','2/14/2018',2018,'Q1',2,'Feb',7,'Wk 2',45),
    ('W411','2/15/2018',2018,'Q1',2,'Feb',8,'Wk 3',46),
    ('W412','2/16/2018',2018,'Q1',2,'Feb',8,'Wk 3',47),
    ('W413','2/17/2018',2018,'Q1',2,'Feb',8,'Wk 3',48),
    ('W414','2/18/2018',2018,'Q1',2,'Feb',8,'Wk 3',49),
    ('W415','2/19/2018',2018,'Q1',2,'Feb',8,'Wk 3',50),
    ('W416','2/20/2018',2018,'Q1',2,'Feb',8,'Wk 3',51),
    ('W417','2/21/2018',2018,'Q1',2,'Feb',8,'Wk 3',52),
    ('W418','2/22/2018',2018,'Q1',2,'Feb',9,'Wk 4',53),
    ('W419','2/23/2018',2018,'Q1',2,'Feb',9,'Wk 4',54),
    ('W420','2/24/2018',2018,'Q1',2,'Feb',9,'Wk 4',55),
    ('W421','2/25/2018',2018,'Q1',2,'Feb',9,'Wk 4',56),
    ('W422','2/26/2018',2018,'Q1',2,'Feb',9,'Wk 4',57),
    ('W423','2/27/2018',2018,'Q1',2,'Feb',9,'Wk 4',58),
    ('W424','2/28/2018',2018,'Q1',2,'Feb',9,'Wk 4',59),
    ('W425','3/1/2018',2018,'Q1',3,'Mar',10,'Wk 1',60),
    ('W426','3/2/2018',2018,'Q1',3,'Mar',10,'Wk 1',61),
    ('W427','3/3/2018',2018,'Q1',3,'Mar',10,'Wk 1',62),
    ('W428','3/4/2018',2018,'Q1',3,'Mar',10,'Wk 1',63),
    ('W429','3/5/2018',2018,'Q1',3,'Mar',10,'Wk 1',64),
    ('W430','3/6/2018',2018,'Q1',3,'Mar',10,'Wk 1',65),
    ('W431','3/7/2018',2018,'Q1',3,'Mar',10,'Wk 1',66),
    ('W432','3/8/2018',2018,'Q1',3,'Mar',11,'Wk 2',67),
    ('W433','3/9/2018',2018,'Q1',3,'Mar',11,'Wk 2',68),
    ('W434','3/10/2018',2018,'Q1',3,'Mar',11,'Wk 2',69),
    ('W435','3/11/2018',2018,'Q1',3,'Mar',11,'Wk 2',70),
    ('W436','3/12/2018',2018,'Q1',3,'Mar',11,'Wk 2',71),
    ('W437','3/13/2018',2018,'Q1',3,'Mar',11,'Wk 2',72),
    ('W438','3/14/2018',2018,'Q1',3,'Mar',11,'Wk 2',73),
    ('W439','3/15/2018',2018,'Q1',3,'Mar',12,'Wk 3',74),
    ('W440','3/16/2018',2018,'Q1',3,'Mar',12,'Wk 3',75),
    ('W441','3/17/2018',2018,'Q1',3,'Mar',12,'Wk 3',76),
    ('W442','3/18/2018',2018,'Q1',3,'Mar',12,'Wk 3',77),
    ('W443','3/19/2018',2018,'Q1',3,'Mar',12,'Wk 3',78),
    ('W444','3/20/2018',2018,'Q1',3,'Mar',12,'Wk 3',79),
    ('W445','3/21/2018',2018,'Q1',3,'Mar',12,'Wk 3',80),
    ('W446','3/22/2018',2018,'Q1',3,'Mar',13,'Wk 4',81),
    ('W447','3/23/2018',2018,'Q1',3,'Mar',13,'Wk 4',82),
    ('W448','3/24/2018',2018,'Q1',3,'Mar',13,'Wk 4',83),
    ('W449','3/25/2018',2018,'Q1',3,'Mar',13,'Wk 4',84),
    ('W450','3/26/2018',2018,'Q1',3,'Mar',13,'Wk 4',85),
    ('W451','3/27/2018',2018,'Q1',3,'Mar',13,'Wk 4',86),
    ('W452','3/28/2018',2018,'Q1',3,'Mar',13,'Wk 4',87),
    ('W453','3/29/2018',2018,'Q1',3,'Mar',14,'Wk 5',88),
    ('W454','3/30/2018',2018,'Q1',3,'Mar',14,'Wk 5',89),
    ('W455','3/31/2018',2018,'Q1',3,'Mar',14,'Wk 5',90),
    ('W456','4/1/2018',2018,'Q2',4,'Apr',14,'Wk 1',91),
    ('W457','4/2/2018',2018,'Q2',4,'Apr',14,'Wk 1',92),
    ('W458','4/3/2018',2018,'Q2',4,'Apr',14,'Wk 1',93),
    ('W459','4/4/2018',2018,'Q2',4,'Apr',14,'Wk 1',94),
    ('W460','4/5/2018',2018,'Q2',4,'Apr',15,'Wk 2',95),
    ('W461','4/6/2018',2018,'Q2',4,'Apr',15,'Wk 2',96),
    ('W462','4/7/2018',2018,'Q2',4,'Apr',15,'Wk 2',97),
    ('W463','4/8/2018',2018,'Q2',4,'Apr',15,'Wk 2',98),
    ('W464','4/9/2018',2018,'Q2',4,'Apr',15,'Wk 2',99),
    ('W465','4/10/2018',2018,'Q2',4,'Apr',15,'Wk 2',100),
    ('W466','4/11/2018',2018,'Q2',4,'Apr',15,'Wk 2',101),
    ('W467','4/12/2018',2018,'Q2',4,'Apr',16,'Wk 3',102),
    ('W468','4/13/2018',2018,'Q2',4,'Apr',16,'Wk 3',103),
    ('W469','4/14/2018',2018,'Q2',4,'Apr',16,'Wk 3',104),
    ('W470','4/15/2018',2018,'Q2',4,'Apr',16,'Wk 3',105),
    ('W471','4/16/2018',2018,'Q2',4,'Apr',16,'Wk 3',106),
    ('W472','4/17/2018',2018,'Q2',4,'Apr',16,'Wk 3',107),
    ('W473','4/18/2018',2018,'Q2',4,'Apr',16,'Wk 3',108),
    ('W474','4/19/2018',2018,'Q2',4,'Apr',17,'Wk 4',109),
    ('W475','4/20/2018',2018,'Q2',4,'Apr',17,'Wk 4',110),
    ('W476','4/21/2018',2018,'Q2',4,'Apr',17,'Wk 4',111),
    ('W477','4/22/2018',2018,'Q2',4,'Apr',17,'Wk 4',112),
    ('W478','4/23/2018',2018,'Q2',4,'Apr',17,'Wk 4',113),
    ('W479','4/24/2018',2018,'Q2',4,'Apr',17,'Wk 4',114),
    ('W480','4/25/2018',2018,'Q2',4,'Apr',17,'Wk 4',115),
    ('W481','4/26/2018',2018,'Q2',4,'Apr',18,'Wk 5',116),
    ('W482','4/27/2018',2018,'Q2',4,'Apr',18,'Wk 5',117),
    ('W483','4/28/2018',2018,'Q2',4,'Apr',18,'Wk 5',118),
    ('W484','4/29/2018',2018,'Q2',4,'Apr',18,'Wk 5',119),
    ('W485','4/30/2018',2018,'Q2',4,'Apr',18,'Wk 5',120),
    ('W486','5/1/2018',2018,'Q2',5,'May',18,'Wk 1',121),
    ('W487','5/2/2018',2018,'Q2',5,'May',18,'Wk 1',122),
    ('W488','5/3/2018',2018,'Q2',5,'May',19,'Wk 2',123),
    ('W489','5/4/2018',2018,'Q2',5,'May',19,'Wk 2',124),
    ('W490','5/5/2018',2018,'Q2',5,'May',19,'Wk 2',125),
    ('W491','5/6/2018',2018,'Q2',5,'May',19,'Wk 2',126),
    ('W492','5/7/2018',2018,'Q2',5,'May',19,'Wk 2',127),
    ('W493','5/8/2018',2018,'Q2',5,'May',19,'Wk 2',128),
    ('W494','5/9/2018',2018,'Q2',5,'May',19,'Wk 2',129),
    ('W495','5/10/2018',2018,'Q2',5,'May',20,'Wk 3',130),
    ('W496','5/11/2018',2018,'Q2',5,'May',20,'Wk 3',131),
    ('W497','5/12/2018',2018,'Q2',5,'May',20,'Wk 3',132),
    ('W498','5/13/2018',2018,'Q2',5,'May',20,'Wk 3',133),
    ('W499','5/14/2018',2018,'Q2',5,'May',20,'Wk 3',134),
    ('W500','5/15/2018',2018,'Q2',5,'May',20,'Wk 3',135),
    ('W501','5/16/2018',2018,'Q2',5,'May',20,'Wk 3',136),
    ('W502','5/17/2018',2018,'Q2',5,'May',21,'Wk 4',137),
    ('W503','5/18/2018',2018,'Q2',5,'May',21,'Wk 4',138),
    ('W504','5/19/2018',2018,'Q2',5,'May',21,'Wk 4',139),
    ('W505','5/20/2018',2018,'Q2',5,'May',21,'Wk 4',140),
    ('W506','5/21/2018',2018,'Q2',5,'May',21,'Wk 4',141),
    ('W507','5/22/2018',2018,'Q2',5,'May',21,'Wk 4',142),
    ('W508','5/23/2018',2018,'Q2',5,'May',21,'Wk 4',143),
    ('W509','5/24/2018',2018,'Q2',5,'May',22,'Wk 5',144),
    ('W510','5/25/2018',2018,'Q2',5,'May',22,'Wk 5',145),
    ('W511','5/26/2018',2018,'Q2',5,'May',22,'Wk 5',146),
    ('W512','5/27/2018',2018,'Q2',5,'May',22,'Wk 5',147),
    ('W513','5/28/2018',2018,'Q2',5,'May',22,'Wk 5',148),
    ('W514','5/29/2018',2018,'Q2',5,'May',22,'Wk 5',149),
    ('W515','5/30/2018',2018,'Q2',5,'May',22,'Wk 5',150),
    ('W516','5/31/2018',2018,'Q2',5,'May',23,'Wk 6',151),
    ('W517','6/1/2018',2018,'Q2',6,'Jun',23,'Wk 1',152),
    ('W518','6/2/2018',2018,'Q2',6,'Jun',23,'Wk 1',153),
    ('W519','6/3/2018',2018,'Q2',6,'Jun',23,'Wk 1',154),
    ('W520','6/4/2018',2018,'Q2',6,'Jun',23,'Wk 1',155),
    ('W521','6/5/2018',2018,'Q2',6,'Jun',23,'Wk 1',156),
    ('W522','6/6/2018',2018,'Q2',6,'Jun',23,'Wk 1',157),
    ('W523','6/7/2018',2018,'Q2',6,'Jun',24,'Wk 2',158),
    ('W524','6/8/2018',2018,'Q2',6,'Jun',24,'Wk 2',159),
    ('W525','6/9/2018',2018,'Q2',6,'Jun',24,'Wk 2',160),
    ('W526','6/10/2018',2018,'Q2',6,'Jun',24,'Wk 2',161),
    ('W527','6/11/2018',2018,'Q2',6,'Jun',24,'Wk 2',162),
    ('W528','6/12/2018',2018,'Q2',6,'Jun',24,'Wk 2',163),
    ('W529','6/13/2018',2018,'Q2',6,'Jun',24,'Wk 2',164),
    ('W530','6/14/2018',2018,'Q2',6,'Jun',25,'Wk 3',165),
    ('W531','6/15/2018',2018,'Q2',6,'Jun',25,'Wk 3',166),
    ('W532','6/16/2018',2018,'Q2',6,'Jun',25,'Wk 3',167),
    ('W533','6/17/2018',2018,'Q2',6,'Jun',25,'Wk 3',168),
    ('W534','6/18/2018',2018,'Q2',6,'Jun',25,'Wk 3',169),
    ('W535','6/19/2018',2018,'Q2',6,'Jun',25,'Wk 3',170),
    ('W536','6/20/2018',2018,'Q2',6,'Jun',25,'Wk 3',171),
    ('W537','6/21/2018',2018,'Q2',6,'Jun',26,'Wk 4',172),
    ('W538','6/22/2018',2018,'Q2',6,'Jun',26,'Wk 4',173),
    ('W539','6/23/2018',2018,'Q2',6,'Jun',26,'Wk 4',174),
    ('W540','6/24/2018',2018,'Q2',6,'Jun',26,'Wk 4',175),
    ('W541','6/25/2018',2018,'Q2',6,'Jun',26,'Wk 4',176),
    ('W542','6/26/2018',2018,'Q2',6,'Jun',26,'Wk 4',177),
    ('W543','6/27/2018',2018,'Q2',6,'Jun',26,'Wk 4',178),
    ('W544','6/28/2018',2018,'Q2',6,'Jun',27,'Wk 5',179),
    ('W545','6/29/2018',2018,'Q2',6,'Jun',27,'Wk 5',180),
    ('W546','6/30/2018',2018,'Q2',6,'Jun',27,'Wk 5',181),
    ('W547','7/1/2018',2018,'Q3',7,'Jul',27,'Wk 1',182),
    ('W548','7/2/2018',2018,'Q3',7,'Jul',27,'Wk 1',183),
    ('W549','7/3/2018',2018,'Q3',7,'Jul',27,'Wk 1',184),
    ('W550','7/4/2018',2018,'Q3',7,'Jul',27,'Wk 1',185),
    ('W551','7/5/2018',2018,'Q3',7,'Jul',28,'Wk 2',186),
    ('W552','7/6/2018',2018,'Q3',7,'Jul',28,'Wk 2',187),
    ('W553','7/7/2018',2018,'Q3',7,'Jul',28,'Wk 2',188),
    ('W554','7/8/2018',2018,'Q3',7,'Jul',28,'Wk 2',189),
    ('W555','7/9/2018',2018,'Q3',7,'Jul',28,'Wk 2',190),
    ('W556','7/10/2018',2018,'Q3',7,'Jul',28,'Wk 2',191),
    ('W557','7/11/2018',2018,'Q3',7,'Jul',28,'Wk 2',192),
    ('W558','7/12/2018',2018,'Q3',7,'Jul',29,'Wk 3',193),
    ('W559','7/13/2018',2018,'Q3',7,'Jul',29,'Wk 3',194),
    ('W560','7/14/2018',2018,'Q3',7,'Jul',29,'Wk 3',195),
    ('W561','7/15/2018',2018,'Q3',7,'Jul',29,'Wk 3',196),
    ('W562','7/16/2018',2018,'Q3',7,'Jul',29,'Wk 3',197),
    ('W563','7/17/2018',2018,'Q3',7,'Jul',29,'Wk 3',198),
    ('W564','7/18/2018',2018,'Q3',7,'Jul',29,'Wk 3',199),
    ('W565','7/19/2018',2018,'Q3',7,'Jul',30,'Wk 4',200),
    ('W566','7/20/2018',2018,'Q3',7,'Jul',30,'Wk 4',201),
    ('W567','7/21/2018',2018,'Q3',7,'Jul',30,'Wk 4',202),
    ('W568','7/22/2018',2018,'Q3',7,'Jul',30,'Wk 4',203),
    ('W569','7/23/2018',2018,'Q3',7,'Jul',30,'Wk 4',204),
    ('W570','7/24/2018',2018,'Q3',7,'Jul',30,'Wk 4',205),
    ('W571','7/25/2018',2018,'Q3',7,'Jul',30,'Wk 4',206),
    ('W572','7/26/2018',2018,'Q3',7,'Jul',31,'Wk 5',207),
    ('W573','7/27/2018',2018,'Q3',7,'Jul',31,'Wk 5',208),
    ('W574','7/28/2018',2018,'Q3',7,'Jul',31,'Wk 5',209),
    ('W575','7/29/2018',2018,'Q3',7,'Jul',31,'Wk 5',210),
    ('W576','7/30/2018',2018,'Q3',7,'Jul',31,'Wk 5',211),
    ('W577','7/31/2018',2018,'Q3',7,'Jul',31,'Wk 5',212),
    ('W578','8/1/2018',2018,'Q3',8,'Aug',31,'Wk 1',213),
    ('W579','8/2/2018',2018,'Q3',8,'Aug',32,'Wk 2',214),
    ('W580','8/3/2018',2018,'Q3',8,'Aug',32,'Wk 2',215),
    ('W581','8/4/2018',2018,'Q3',8,'Aug',32,'Wk 2',216),
    ('W582','8/5/2018',2018,'Q3',8,'Aug',32,'Wk 2',217),
    ('W583','8/6/2018',2018,'Q3',8,'Aug',32,'Wk 2',218),
    ('W584','8/7/2018',2018,'Q3',8,'Aug',32,'Wk 2',219),
    ('W585','8/8/2018',2018,'Q3',8,'Aug',32,'Wk 2',220),
    ('W586','8/9/2018',2018,'Q3',8,'Aug',33,'Wk 3',221),
    ('W587','8/10/2018',2018,'Q3',8,'Aug',33,'Wk 3',222),
    ('W588','8/11/2018',2018,'Q3',8,'Aug',33,'Wk 3',223),
    ('W589','8/12/2018',2018,'Q3',8,'Aug',33,'Wk 3',224),
    ('W590','8/13/2018',2018,'Q3',8,'Aug',33,'Wk 3',225),
    ('W591','8/14/2018',2018,'Q3',8,'Aug',33,'Wk 3',226),
    ('W592','8/15/2018',2018,'Q3',8,'Aug',33,'Wk 3',227),
    ('W593','8/16/2018',2018,'Q3',8,'Aug',34,'Wk 4',228),
    ('W594','8/17/2018',2018,'Q3',8,'Aug',34,'Wk 4',229),
    ('W595','8/18/2018',2018,'Q3',8,'Aug',34,'Wk 4',230),
    ('W596','8/19/2018',2018,'Q3',8,'Aug',34,'Wk 4',231),
    ('W597','8/20/2018',2018,'Q3',8,'Aug',34,'Wk 4',232),
    ('W598','8/21/2018',2018,'Q3',8,'Aug',34,'Wk 4',233),
    ('W599','8/22/2018',2018,'Q3',8,'Aug',34,'Wk 4',234),
    ('W600','8/23/2018',2018,'Q3',8,'Aug',35,'Wk 5',235),
    ('W601','8/24/2018',2018,'Q3',8,'Aug',35,'Wk 5',236),
    ('W602','8/25/2018',2018,'Q3',8,'Aug',35,'Wk 5',237),
    ('W603','8/26/2018',2018,'Q3',8,'Aug',35,'Wk 5',238),
    ('W604','8/27/2018',2018,'Q3',8,'Aug',35,'Wk 5',239),
    ('W605','8/28/2018',2018,'Q3',8,'Aug',35,'Wk 5',240),
    ('W606','8/29/2018',2018,'Q3',8,'Aug',35,'Wk 5',241),
    ('W607','8/30/2018',2018,'Q3',8,'Aug',36,'Wk 6',242),
    ('W608','8/31/2018',2018,'Q3',8,'Aug',36,'Wk 6',243),
    ('W609','9/1/2018',2018,'Q3',9,'Sep',36,'Wk 1',244),
    ('W610','9/2/2018',2018,'Q3',9,'Sep',36,'Wk 1',245),
    ('W611','9/3/2018',2018,'Q3',9,'Sep',36,'Wk 1',246),
    ('W612','9/4/2018',2018,'Q3',9,'Sep',36,'Wk 1',247),
    ('W613','9/5/2018',2018,'Q3',9,'Sep',36,'Wk 1',248),
    ('W614','9/6/2018',2018,'Q3',9,'Sep',37,'Wk 2',249),
    ('W615','9/7/2018',2018,'Q3',9,'Sep',37,'Wk 2',250),
    ('W616','9/8/2018',2018,'Q3',9,'Sep',37,'Wk 2',251),
    ('W617','9/9/2018',2018,'Q3',9,'Sep',37,'Wk 2',252),
    ('W618','9/10/2018',2018,'Q3',9,'Sep',37,'Wk 2',253),
    ('W619','9/11/2018',2018,'Q3',9,'Sep',37,'Wk 2',254),
    ('W620','9/12/2018',2018,'Q3',9,'Sep',37,'Wk 2',255),
    ('W621','9/13/2018',2018,'Q3',9,'Sep',38,'Wk 3',256),
    ('W622','9/14/2018',2018,'Q3',9,'Sep',38,'Wk 3',257),
    ('W623','9/15/2018',2018,'Q3',9,'Sep',38,'Wk 3',258),
    ('W624','9/16/2018',2018,'Q3',9,'Sep',38,'Wk 3',259),
    ('W625','9/17/2018',2018,'Q3',9,'Sep',38,'Wk 3',260),
    ('W626','9/18/2018',2018,'Q3',9,'Sep',38,'Wk 3',261),
    ('W627','9/19/2018',2018,'Q3',9,'Sep',38,'Wk 3',262),
    ('W628','9/20/2018',2018,'Q3',9,'Sep',39,'Wk 4',263),
    ('W629','9/21/2018',2018,'Q3',9,'Sep',39,'Wk 4',264),
    ('W630','9/22/2018',2018,'Q3',9,'Sep',39,'Wk 4',265),
    ('W631','9/23/2018',2018,'Q3',9,'Sep',39,'Wk 4',266),
    ('W632','9/24/2018',2018,'Q3',9,'Sep',39,'Wk 4',267),
    ('W633','9/25/2018',2018,'Q3',9,'Sep',39,'Wk 4',268),
    ('W634','9/26/2018',2018,'Q3',9,'Sep',39,'Wk 4',269),
    ('W635','9/27/2018',2018,'Q3',9,'Sep',40,'Wk 5',270),
    ('W636','9/28/2018',2018,'Q3',9,'Sep',40,'Wk 5',271),
    ('W637','9/29/2018',2018,'Q3',9,'Sep',40,'Wk 5',272),
    ('W638','9/30/2018',2018,'Q3',9,'Sep',40,'Wk 5',273),
    ('W639','10/1/2018',2018,'Q4',10,'Oct',40,'Wk 1',274),
    ('W640','10/2/2018',2018,'Q4',10,'Oct',40,'Wk 1',275),
    ('W641','10/3/2018',2018,'Q4',10,'Oct',40,'Wk 1',276),
    ('W642','10/4/2018',2018,'Q4',10,'Oct',41,'Wk 2',277),
    ('W643','10/5/2018',2018,'Q4',10,'Oct',41,'Wk 2',278),
    ('W644','10/6/2018',2018,'Q4',10,'Oct',41,'Wk 2',279),
    ('W645','10/7/2018',2018,'Q4',10,'Oct',41,'Wk 2',280),
    ('W646','10/8/2018',2018,'Q4',10,'Oct',41,'Wk 2',281),
    ('W647','10/9/2018',2018,'Q4',10,'Oct',41,'Wk 2',282),
    ('W648','10/10/2018',2018,'Q4',10,'Oct',41,'Wk 2',283),
    ('W649','10/11/2018',2018,'Q4',10,'Oct',42,'Wk 3',284),
    ('W650','10/12/2018',2018,'Q4',10,'Oct',42,'Wk 3',285),
    ('W651','10/13/2018',2018,'Q4',10,'Oct',42,'Wk 3',286),
    ('W652','10/14/2018',2018,'Q4',10,'Oct',42,'Wk 3',287),
    ('W653','10/15/2018',2018,'Q4',10,'Oct',42,'Wk 3',288),
    ('W654','10/16/2018',2018,'Q4',10,'Oct',42,'Wk 3',289),
    ('W655','10/17/2018',2018,'Q4',10,'Oct',42,'Wk 3',290),
    ('W656','10/18/2018',2018,'Q4',10,'Oct',43,'Wk 4',291),
    ('W657','10/19/2018',2018,'Q4',10,'Oct',43,'Wk 4',292),
    ('W658','10/20/2018',2018,'Q4',10,'Oct',43,'Wk 4',293),
    ('W659','10/21/2018',2018,'Q4',10,'Oct',43,'Wk 4',294),
    ('W660','10/22/2018',2018,'Q4',10,'Oct',43,'Wk 4',295),
    ('W661','10/23/2018',2018,'Q4',10,'Oct',43,'Wk 4',296),
    ('W662','10/24/2018',2018,'Q4',10,'Oct',43,'Wk 4',297),
    ('W663','10/25/2018',2018,'Q4',10,'Oct',44,'Wk 5',298),
    ('W664','10/26/2018',2018,'Q4',10,'Oct',44,'Wk 5',299),
    ('W665','10/27/2018',2018,'Q4',10,'Oct',44,'Wk 5',300),
    ('W666','10/28/2018',2018,'Q4',10,'Oct',44,'Wk 5',301),
    ('W667','10/29/2018',2018,'Q4',10,'Oct',44,'Wk 5',302),
    ('W668','10/30/2018',2018,'Q4',10,'Oct',44,'Wk 5',303),
    ('W669','10/31/2018',2018,'Q4',10,'Oct',44,'Wk 5',304),
    ('W670','11/1/2018',2018,'Q4',11,'Nov',45,'Wk 1',305),
    ('W671','11/2/2018',2018,'Q4',11,'Nov',45,'Wk 1',306),
    ('W672','11/3/2018',2018,'Q4',11,'Nov',45,'Wk 1',307),
    ('W673','11/4/2018',2018,'Q4',11,'Nov',45,'Wk 1',308),
    ('W674','11/5/2018',2018,'Q4',11,'Nov',45,'Wk 1',309),
    ('W675','11/6/2018',2018,'Q4',11,'Nov',45,'Wk 1',310),
    ('W676','11/7/2018',2018,'Q4',11,'Nov',45,'Wk 1',311),
    ('W677','11/8/2018',2018,'Q4',11,'Nov',46,'Wk 2',312),
    ('W678','11/9/2018',2018,'Q4',11,'Nov',46,'Wk 2',313),
    ('W679','11/10/2018',2018,'Q4',11,'Nov',46,'Wk 2',314),
    ('W680','11/11/2018',2018,'Q4',11,'Nov',46,'Wk 2',315),
    ('W681','11/12/2018',2018,'Q4',11,'Nov',46,'Wk 2',316),
    ('W682','11/13/2018',2018,'Q4',11,'Nov',46,'Wk 2',317),
    ('W683','11/14/2018',2018,'Q4',11,'Nov',46,'Wk 2',318),
    ('W684','11/15/2018',2018,'Q4',11,'Nov',47,'Wk 3',319),
    ('W685','11/16/2018',2018,'Q4',11,'Nov',47,'Wk 3',320),
    ('W686','11/17/2018',2018,'Q4',11,'Nov',47,'Wk 3',321),
    ('W687','11/18/2018',2018,'Q4',11,'Nov',47,'Wk 3',322),
    ('W688','11/19/2018',2018,'Q4',11,'Nov',47,'Wk 3',323),
    ('W689','11/20/2018',2018,'Q4',11,'Nov',47,'Wk 3',324),
    ('W690','11/21/2018',2018,'Q4',11,'Nov',47,'Wk 3',325),
    ('W691','11/22/2018',2018,'Q4',11,'Nov',48,'Wk 4',326),
    ('W692','11/23/2018',2018,'Q4',11,'Nov',48,'Wk 4',327),
    ('W693','11/24/2018',2018,'Q4',11,'Nov',48,'Wk 4',328),
    ('W694','11/25/2018',2018,'Q4',11,'Nov',48,'Wk 4',329),
    ('W695','11/26/2018',2018,'Q4',11,'Nov',48,'Wk 4',330),
    ('W696','11/27/2018',2018,'Q4',11,'Nov',48,'Wk 4',331),
    ('W697','11/28/2018',2018,'Q4',11,'Nov',48,'Wk 4',332),
    ('W698','11/29/2018',2018,'Q4',11,'Nov',49,'Wk 5',333),
    ('W699','11/30/2018',2018,'Q4',11,'Nov',49,'Wk 5',334),
    ('W700','12/1/2018',2018,'Q4',12,'Dec',49,'Wk 1',335),
    ('W701','12/2/2018',2018,'Q4',12,'Dec',49,'Wk 1',336),
    ('W702','12/3/2018',2018,'Q4',12,'Dec',49,'Wk 1',337),
    ('W703','12/4/2018',2018,'Q4',12,'Dec',49,'Wk 1',338),
    ('W704','12/5/2018',2018,'Q4',12,'Dec',49,'Wk 1',339),
    ('W705','12/6/2018',2018,'Q4',12,'Dec',50,'Wk 2',340),
    ('W706','12/7/2018',2018,'Q4',12,'Dec',50,'Wk 2',341),
    ('W707','12/8/2018',2018,'Q4',12,'Dec',50,'Wk 2',342),
    ('W708','12/9/2018',2018,'Q4',12,'Dec',50,'Wk 2',343),
    ('W709','12/10/2018',2018,'Q4',12,'Dec',50,'Wk 2',344),
    ('W710','12/11/2018',2018,'Q4',12,'Dec',50,'Wk 2',345),
    ('W711','12/12/2018',2018,'Q4',12,'Dec',50,'Wk 2',346),
    ('W712','12/13/2018',2018,'Q4',12,'Dec',51,'Wk 3',347),
    ('W713','12/14/2018',2018,'Q4',12,'Dec',51,'Wk 3',348),
    ('W714','12/15/2018',2018,'Q4',12,'Dec',51,'Wk 3',349),
    ('W715','12/16/2018',2018,'Q4',12,'Dec',51,'Wk 3',350),
    ('W716','12/17/2018',2018,'Q4',12,'Dec',51,'Wk 3',351),
    ('W717','12/18/2018',2018,'Q4',12,'Dec',51,'Wk 3',352),
    ('W718','12/19/2018',2018,'Q4',12,'Dec',51,'Wk 3',353),
    ('W719','12/20/2018',2018,'Q4',12,'Dec',52,'Wk 4',354),
    ('W720','12/21/2018',2018,'Q4',12,'Dec',52,'Wk 4',355),
    ('W721','12/22/2018',2018,'Q4',12,'Dec',52,'Wk 4',356),
    ('W722','12/23/2018',2018,'Q4',12,'Dec',52,'Wk 4',357),
    ('W723','12/24/2018',2018,'Q4',12,'Dec',52,'Wk 4',358),
    ('W724','12/25/2018',2018,'Q4',12,'Dec',52,'Wk 4',359),
    ('W725','12/26/2018',2018,'Q4',12,'Dec',52,'Wk 4',360),
    ('W726','12/27/2018',2018,'Q4',12,'Dec',53,'Wk 5',361),
    ('W727','12/28/2018',2018,'Q4',12,'Dec',53,'Wk 5',362),
    ('W728','12/29/2018',2018,'Q4',12,'Dec',53,'Wk 5',363),
    ('W729','12/30/2018',2018,'Q4',12,'Dec',53,'Wk 5',364),
    ('W730','12/31/2018',2018,'Q4',12,'Dec',53,'Wk 5',365),
    ('W731','1/1/2019',2019,'Q1',1,'Jan',1,'Wk 1',1),
    ('W732','1/2/2019',2019,'Q1',1,'Jan',1,'Wk 1',2),
    ('W733','1/3/2019',2019,'Q1',1,'Jan',2,'Wk 2',3),
    ('W734','1/4/2019',2019,'Q1',1,'Jan',2,'Wk 2',4),
    ('W735','1/5/2019',2019,'Q1',1,'Jan',2,'Wk 2',5),
    ('W736','1/6/2019',2019,'Q1',1,'Jan',2,'Wk 2',6),
    ('W737','1/7/2019',2019,'Q1',1,'Jan',2,'Wk 2',7),
    ('W738','1/8/2019',2019,'Q1',1,'Jan',2,'Wk 2',8),
    ('W739','1/9/2019',2019,'Q1',1,'Jan',2,'Wk 2',9),
    ('W740','1/10/2019',2019,'Q1',1,'Jan',3,'Wk 3',10),
    ('W741','1/11/2019',2019,'Q1',1,'Jan',3,'Wk 3',11),
    ('W742','1/12/2019',2019,'Q1',1,'Jan',3,'Wk 3',12),
    ('W743','1/13/2019',2019,'Q1',1,'Jan',3,'Wk 3',13),
    ('W744','1/14/2019',2019,'Q1',1,'Jan',3,'Wk 3',14),
    ('W745','1/15/2019',2019,'Q1',1,'Jan',3,'Wk 3',15),
    ('W746','1/16/2019',2019,'Q1',1,'Jan',3,'Wk 3',16),
    ('W747','1/17/2019',2019,'Q1',1,'Jan',4,'Wk 4',17),
    ('W748','1/18/2019',2019,'Q1',1,'Jan',4,'Wk 4',18),
    ('W749','1/19/2019',2019,'Q1',1,'Jan',4,'Wk 4',19),
    ('W750','1/20/2019',2019,'Q1',1,'Jan',4,'Wk 4',20),
    ('W751','1/21/2019',2019,'Q1',1,'Jan',4,'Wk 4',21),
    ('W752','1/22/2019',2019,'Q1',1,'Jan',4,'Wk 4',22),
    ('W753','1/23/2019',2019,'Q1',1,'Jan',4,'Wk 4',23),
    ('W754','1/24/2019',2019,'Q1',1,'Jan',5,'Wk 5',24),
    ('W755','1/25/2019',2019,'Q1',1,'Jan',5,'Wk 5',25),
    ('W756','1/26/2019',2019,'Q1',1,'Jan',5,'Wk 5',26),
    ('W757','1/27/2019',2019,'Q1',1,'Jan',5,'Wk 5',27),
    ('W758','1/28/2019',2019,'Q1',1,'Jan',5,'Wk 5',28),
    ('W759','1/29/2019',2019,'Q1',1,'Jan',5,'Wk 5',29),
    ('W760','1/30/2019',2019,'Q1',1,'Jan',5,'Wk 5',30),
    ('W761','1/31/2019',2019,'Q1',1,'Jan',6,'Wk 6',31),
    ('W762','2/1/2019',2019,'Q1',2,'Feb',6,'Wk 1',32),
    ('W763','2/2/2019',2019,'Q1',2,'Feb',6,'Wk 1',33),
    ('W764','2/3/2019',2019,'Q1',2,'Feb',6,'Wk 1',34),
    ('W765','2/4/2019',2019,'Q1',2,'Feb',6,'Wk 1',35),
    ('W766','2/5/2019',2019,'Q1',2,'Feb',6,'Wk 1',36),
    ('W767','2/6/2019',2019,'Q1',2,'Feb',6,'Wk 1',37),
    ('W768','2/7/2019',2019,'Q1',2,'Feb',7,'Wk 2',38),
    ('W769','2/8/2019',2019,'Q1',2,'Feb',7,'Wk 2',39),
    ('W770','2/9/2019',2019,'Q1',2,'Feb',7,'Wk 2',40),
    ('W771','2/10/2019',2019,'Q1',2,'Feb',7,'Wk 2',41),
    ('W772','2/11/2019',2019,'Q1',2,'Feb',7,'Wk 2',42),
    ('W773','2/12/2019',2019,'Q1',2,'Feb',7,'Wk 2',43),
    ('W774','2/13/2019',2019,'Q1',2,'Feb',7,'Wk 2',44),
    ('W775','2/14/2019',2019,'Q1',2,'Feb',8,'Wk 3',45),
    ('W776','2/15/2019',2019,'Q1',2,'Feb',8,'Wk 3',46),
    ('W777','2/16/2019',2019,'Q1',2,'Feb',8,'Wk 3',47),
    ('W778','2/17/2019',2019,'Q1',2,'Feb',8,'Wk 3',48),
    ('W779','2/18/2019',2019,'Q1',2,'Feb',8,'Wk 3',49),
    ('W780','2/19/2019',2019,'Q1',2,'Feb',8,'Wk 3',50),
    ('W781','2/20/2019',2019,'Q1',2,'Feb',8,'Wk 3',51),
    ('W782','2/21/2019',2019,'Q1',2,'Feb',9,'Wk 4',52),
    ('W783','2/22/2019',2019,'Q1',2,'Feb',9,'Wk 4',53),
    ('W784','2/23/2019',2019,'Q1',2,'Feb',9,'Wk 4',54),
    ('W785','2/24/2019',2019,'Q1',2,'Feb',9,'Wk 4',55),
    ('W786','2/25/2019',2019,'Q1',2,'Feb',9,'Wk 4',56),
    ('W787','2/26/2019',2019,'Q1',2,'Feb',9,'Wk 4',57),
    ('W788','2/27/2019',2019,'Q1',2,'Feb',9,'Wk 4',58),
    ('W789','2/28/2019',2019,'Q1',2,'Feb',10,'Wk 5',59),
    ('W790','29/02/2019',2019,'Q1',2,'Feb',10,'Wk 5',60),
    ('W791','3/1/2019',2019,'Q1',3,'Mar',10,'Wk 1',61),
    ('W792','3/2/2019',2019,'Q1',3,'Mar',10,'Wk 1',62),
    ('W793','3/3/2019',2019,'Q1',3,'Mar',10,'Wk 1',63),
    ('W794','3/4/2019',2019,'Q1',3,'Mar',10,'Wk 1',64),
    ('W795','3/5/2019',2019,'Q1',3,'Mar',10,'Wk 1',65),
    ('W796','3/6/2019',2019,'Q1',3,'Mar',11,'Wk 2',66),
    ('W797','3/7/2019',2019,'Q1',3,'Mar',11,'Wk 2',67),
    ('W798','3/8/2019',2019,'Q1',3,'Mar',11,'Wk 2',68),
    ('W799','3/9/2019',2019,'Q1',3,'Mar',11,'Wk 2',69),
    ('W800','3/10/2019',2019,'Q1',3,'Mar',11,'Wk 2',70),
    ('W801','3/11/2019',2019,'Q1',3,'Mar',11,'Wk 2',71),
    ('W802','3/12/2019',2019,'Q1',3,'Mar',11,'Wk 2',72),
    ('W803','3/13/2019',2019,'Q1',3,'Mar',12,'Wk 3',73),
    ('W804','3/14/2019',2019,'Q1',3,'Mar',12,'Wk 3',74),
    ('W805','3/15/2019',2019,'Q1',3,'Mar',12,'Wk 3',75),
    ('W806','3/16/2019',2019,'Q1',3,'Mar',12,'Wk 3',76),
    ('W807','3/17/2019',2019,'Q1',3,'Mar',12,'Wk 3',77),
    ('W808','3/18/2019',2019,'Q1',3,'Mar',12,'Wk 3',78),
    ('W809','3/19/2019',2019,'Q1',3,'Mar',12,'Wk 3',79),
    ('W810','3/20/2019',2019,'Q1',3,'Mar',13,'Wk 4',80),
    ('W811','3/21/2019',2019,'Q1',3,'Mar',13,'Wk 4',81),
    ('W812','3/22/2019',2019,'Q1',3,'Mar',13,'Wk 4',82),
    ('W813','3/23/2019',2019,'Q1',3,'Mar',13,'Wk 4',83),
    ('W814','3/24/2019',2019,'Q1',3,'Mar',13,'Wk 4',84),
    ('W815','3/25/2019',2019,'Q1',3,'Mar',13,'Wk 4',85),
    ('W816','3/26/2019',2019,'Q1',3,'Mar',13,'Wk 4',86),
    ('W817','3/27/2019',2019,'Q1',3,'Mar',14,'Wk 5',87),
    ('W818','3/28/2019',2019,'Q1',3,'Mar',14,'Wk 5',88),
    ('W819','3/29/2019',2019,'Q1',3,'Mar',14,'Wk 5',89),
    ('W820','3/30/2019',2019,'Q1',3,'Mar',14,'Wk 5',90),
    ('W821','3/31/2019',2019,'Q1',3,'Mar',14,'Wk 5',91),
    ('W822','4/1/2019',2019,'Q2',4,'Apr',14,'Wk 1',92),
    ('W823','4/2/2019',2019,'Q2',4,'Apr',14,'Wk 1',93),
    ('W824','4/3/2019',2019,'Q2',4,'Apr',15,'Wk 2',94),
    ('W825','4/4/2019',2019,'Q2',4,'Apr',15,'Wk 2',95),
    ('W826','4/5/2019',2019,'Q2',4,'Apr',15,'Wk 2',96),
    ('W827','4/6/2019',2019,'Q2',4,'Apr',15,'Wk 2',97),
    ('W828','4/7/2019',2019,'Q2',4,'Apr',15,'Wk 2',98),
    ('W829','4/8/2019',2019,'Q2',4,'Apr',15,'Wk 2',99),
    ('W830','4/9/2019',2019,'Q2',4,'Apr',15,'Wk 2',100),
    ('W831','4/10/2019',2019,'Q2',4,'Apr',16,'Wk 3',101),
    ('W832','4/11/2019',2019,'Q2',4,'Apr',16,'Wk 3',102),
    ('W833','4/12/2019',2019,'Q2',4,'Apr',16,'Wk 3',103),
    ('W834','4/13/2019',2019,'Q2',4,'Apr',16,'Wk 3',104),
    ('W835','4/14/2019',2019,'Q2',4,'Apr',16,'Wk 3',105),
    ('W836','4/15/2019',2019,'Q2',4,'Apr',16,'Wk 3',106),
    ('W837','4/16/2019',2019,'Q2',4,'Apr',16,'Wk 3',107),
    ('W838','4/17/2019',2019,'Q2',4,'Apr',17,'Wk 4',108),
    ('W839','4/18/2019',2019,'Q2',4,'Apr',17,'Wk 4',109),
    ('W840','4/19/2019',2019,'Q2',4,'Apr',17,'Wk 4',110),
    ('W841','4/20/2019',2019,'Q2',4,'Apr',17,'Wk 4',111),
    ('W842','4/21/2019',2019,'Q2',4,'Apr',17,'Wk 4',112),
    ('W843','4/22/2019',2019,'Q2',4,'Apr',17,'Wk 4',113),
    ('W844','4/23/2019',2019,'Q2',4,'Apr',17,'Wk 4',114),
    ('W845','4/24/2019',2019,'Q2',4,'Apr',18,'Wk 5',115),
    ('W846','4/25/2019',2019,'Q2',4,'Apr',18,'Wk 5',116),
    ('W847','4/26/2019',2019,'Q2',4,'Apr',18,'Wk 5',117),
    ('W848','4/27/2019',2019,'Q2',4,'Apr',18,'Wk 5',118),
    ('W849','4/28/2019',2019,'Q2',4,'Apr',18,'Wk 5',119),
    ('W850','4/29/2019',2019,'Q2',4,'Apr',18,'Wk 5',120),
    ('W851','4/30/2019',2019,'Q2',4,'Apr',18,'Wk 5',121),
    ('W852','5/1/2019',2019,'Q2',5,'May',19,'Wk 1',122),
    ('W853','5/2/2019',2019,'Q2',5,'May',19,'Wk 1',123),
    ('W854','5/3/2019',2019,'Q2',5,'May',19,'Wk 1',124),
    ('W855','5/4/2019',2019,'Q2',5,'May',19,'Wk 1',125),
    ('W856','5/5/2019',2019,'Q2',5,'May',19,'Wk 1',126),
    ('W857','5/6/2019',2019,'Q2',5,'May',19,'Wk 1',127),
    ('W858','5/7/2019',2019,'Q2',5,'May',19,'Wk 1',128),
    ('W859','5/8/2019',2019,'Q2',5,'May',20,'Wk 2',129),
    ('W860','5/9/2019',2019,'Q2',5,'May',20,'Wk 2',130),
    ('W861','5/10/2019',2019,'Q2',5,'May',20,'Wk 2',131),
    ('W862','5/11/2019',2019,'Q2',5,'May',20,'Wk 2',132),
    ('W863','5/12/2019',2019,'Q2',5,'May',20,'Wk 2',133),
    ('W864','5/13/2019',2019,'Q2',5,'May',20,'Wk 2',134),
    ('W865','5/14/2019',2019,'Q2',5,'May',20,'Wk 2',135),
    ('W866','5/15/2019',2019,'Q2',5,'May',21,'Wk 3',136),
    ('W867','5/16/2019',2019,'Q2',5,'May',21,'Wk 3',137),
    ('W868','5/17/2019',2019,'Q2',5,'May',21,'Wk 3',138),
    ('W869','5/18/2019',2019,'Q2',5,'May',21,'Wk 3',139),
    ('W870','5/19/2019',2019,'Q2',5,'May',21,'Wk 3',140),
    ('W871','5/20/2019',2019,'Q2',5,'May',21,'Wk 3',141),
    ('W872','5/21/2019',2019,'Q2',5,'May',21,'Wk 3',142),
    ('W873','5/22/2019',2019,'Q2',5,'May',22,'Wk 4',143),
    ('W874','5/23/2019',2019,'Q2',5,'May',22,'Wk 4',144),
    ('W875','5/24/2019',2019,'Q2',5,'May',22,'Wk 4',145),
    ('W876','5/25/2019',2019,'Q2',5,'May',22,'Wk 4',146),
    ('W877','5/26/2019',2019,'Q2',5,'May',22,'Wk 4',147),
    ('W878','5/27/2019',2019,'Q2',5,'May',22,'Wk 4',148),
    ('W879','5/28/2019',2019,'Q2',5,'May',22,'Wk 4',149),
    ('W880','5/29/2019',2019,'Q2',5,'May',23,'Wk 5',150),
    ('W881','5/30/2019',2019,'Q2',5,'May',23,'Wk 5',151),
    ('W882','5/31/2019',2019,'Q2',5,'May',23,'Wk 5',152),
    ('W883','6/1/2019',2019,'Q2',6,'Jun',23,'Wk 1',153),
    ('W884','6/2/2019',2019,'Q2',6,'Jun',23,'Wk 1',154),
    ('W885','6/3/2019',2019,'Q2',6,'Jun',23,'Wk 1',155),
    ('W886','6/4/2019',2019,'Q2',6,'Jun',23,'Wk 1',156),
    ('W887','6/5/2019',2019,'Q2',6,'Jun',24,'Wk 2',157),
    ('W888','6/6/2019',2019,'Q2',6,'Jun',24,'Wk 2',158),
    ('W889','6/7/2019',2019,'Q2',6,'Jun',24,'Wk 2',159),
    ('W890','6/8/2019',2019,'Q2',6,'Jun',24,'Wk 2',160),
    ('W891','6/9/2019',2019,'Q2',6,'Jun',24,'Wk 2',161),
    ('W892','6/10/2019',2019,'Q2',6,'Jun',24,'Wk 2',162),
    ('W893','6/11/2019',2019,'Q2',6,'Jun',24,'Wk 2',163),
    ('W894','6/12/2019',2019,'Q2',6,'Jun',25,'Wk 3',164),
    ('W895','6/13/2019',2019,'Q2',6,'Jun',25,'Wk 3',165),
    ('W896','6/14/2019',2019,'Q2',6,'Jun',25,'Wk 3',166),
    ('W897','6/15/2019',2019,'Q2',6,'Jun',25,'Wk 3',167),
    ('W898','6/16/2019',2019,'Q2',6,'Jun',25,'Wk 3',168),
    ('W899','6/17/2019',2019,'Q2',6,'Jun',25,'Wk 3',169),
    ('W900','6/18/2019',2019,'Q2',6,'Jun',25,'Wk 3',170),
    ('W901','6/19/2019',2019,'Q2',6,'Jun',26,'Wk 4',171),
    ('W902','6/20/2019',2019,'Q2',6,'Jun',26,'Wk 4',172),
    ('W903','6/21/2019',2019,'Q2',6,'Jun',26,'Wk 4',173),
    ('W904','6/22/2019',2019,'Q2',6,'Jun',26,'Wk 4',174),
    ('W905','6/23/2019',2019,'Q2',6,'Jun',26,'Wk 4',175),
    ('W906','6/24/2019',2019,'Q2',6,'Jun',26,'Wk 4',176),
    ('W907','6/25/2019',2019,'Q2',6,'Jun',26,'Wk 4',177),
    ('W908','6/26/2019',2019,'Q2',6,'Jun',27,'Wk 5',178),
    ('W909','6/27/2019',2019,'Q2',6,'Jun',27,'Wk 5',179),
    ('W910','6/28/2019',2019,'Q2',6,'Jun',27,'Wk 5',180),
    ('W911','6/29/2019',2019,'Q2',6,'Jun',27,'Wk 5',181),
    ('W912','6/30/2019',2019,'Q2',6,'Jun',27,'Wk 5',182),
    ('W913','7/1/2019',2019,'Q3',7,'Jul',27,'Wk 1',183),
    ('W914','7/2/2019',2019,'Q3',7,'Jul',27,'Wk 1',184),
    ('W915','7/3/2019',2019,'Q3',7,'Jul',28,'Wk 2',185),
    ('W916','7/4/2019',2019,'Q3',7,'Jul',28,'Wk 2',186),
    ('W917','7/5/2019',2019,'Q3',7,'Jul',28,'Wk 2',187),
    ('W918','7/6/2019',2019,'Q3',7,'Jul',28,'Wk 2',188),
    ('W919','7/7/2019',2019,'Q3',7,'Jul',28,'Wk 2',189),
    ('W920','7/8/2019',2019,'Q3',7,'Jul',28,'Wk 2',190),
    ('W921','7/9/2019',2019,'Q3',7,'Jul',28,'Wk 2',191),
    ('W922','7/10/2019',2019,'Q3',7,'Jul',29,'Wk 3',192),
    ('W923','7/11/2019',2019,'Q3',7,'Jul',29,'Wk 3',193),
    ('W924','7/12/2019',2019,'Q3',7,'Jul',29,'Wk 3',194),
    ('W925','7/13/2019',2019,'Q3',7,'Jul',29,'Wk 3',195),
    ('W926','7/14/2019',2019,'Q3',7,'Jul',29,'Wk 3',196),
    ('W927','7/15/2019',2019,'Q3',7,'Jul',29,'Wk 3',197),
    ('W928','7/16/2019',2019,'Q3',7,'Jul',29,'Wk 3',198),
    ('W929','7/17/2019',2019,'Q3',7,'Jul',30,'Wk 4',199),
    ('W930','7/18/2019',2019,'Q3',7,'Jul',30,'Wk 4',200),
    ('W931','7/19/2019',2019,'Q3',7,'Jul',30,'Wk 4',201),
    ('W932','7/20/2019',2019,'Q3',7,'Jul',30,'Wk 4',202),
    ('W933','7/21/2019',2019,'Q3',7,'Jul',30,'Wk 4',203),
    ('W934','7/22/2019',2019,'Q3',7,'Jul',30,'Wk 4',204),
    ('W935','7/23/2019',2019,'Q3',7,'Jul',30,'Wk 4',205),
    ('W936','7/24/2019',2019,'Q3',7,'Jul',31,'Wk 5',206),
    ('W937','7/25/2019',2019,'Q3',7,'Jul',31,'Wk 5',207),
    ('W938','7/26/2019',2019,'Q3',7,'Jul',31,'Wk 5',208),
    ('W939','7/27/2019',2019,'Q3',7,'Jul',31,'Wk 5',209),
    ('W940','7/28/2019',2019,'Q3',7,'Jul',31,'Wk 5',210),
    ('W941','7/29/2019',2019,'Q3',7,'Jul',31,'Wk 5',211),
    ('W942','7/30/2019',2019,'Q3',7,'Jul',31,'Wk 5',212),
    ('W943','7/31/2019',2019,'Q3',7,'Jul',32,'Wk 6',213),
    ('W944','8/1/2019',2019,'Q3',8,'Aug',32,'Wk 1',214),
    ('W945','8/2/2019',2019,'Q3',8,'Aug',32,'Wk 1',215),
    ('W946','8/3/2019',2019,'Q3',8,'Aug',32,'Wk 1',216),
    ('W947','8/4/2019',2019,'Q3',8,'Aug',32,'Wk 1',217),
    ('W948','8/5/2019',2019,'Q3',8,'Aug',32,'Wk 1',218),
    ('W949','8/6/2019',2019,'Q3',8,'Aug',32,'Wk 1',219),
    ('W950','8/7/2019',2019,'Q3',8,'Aug',33,'Wk 2',220),
    ('W951','8/8/2019',2019,'Q3',8,'Aug',33,'Wk 2',221),
    ('W952','8/9/2019',2019,'Q3',8,'Aug',33,'Wk 2',222),
    ('W953','8/10/2019',2019,'Q3',8,'Aug',33,'Wk 2',223),
    ('W954','8/11/2019',2019,'Q3',8,'Aug',33,'Wk 2',224),
    ('W955','8/12/2019',2019,'Q3',8,'Aug',33,'Wk 2',225),
    ('W956','8/13/2019',2019,'Q3',8,'Aug',33,'Wk 2',226),
    ('W957','8/14/2019',2019,'Q3',8,'Aug',34,'Wk 3',227),
    ('W958','8/15/2019',2019,'Q3',8,'Aug',34,'Wk 3',228),
    ('W959','8/16/2019',2019,'Q3',8,'Aug',34,'Wk 3',229),
    ('W960','8/17/2019',2019,'Q3',8,'Aug',34,'Wk 3',230),
    ('W961','8/18/2019',2019,'Q3',8,'Aug',34,'Wk 3',231),
    ('W962','8/19/2019',2019,'Q3',8,'Aug',34,'Wk 3',232),
    ('W963','8/20/2019',2019,'Q3',8,'Aug',34,'Wk 3',233),
    ('W964','8/21/2019',2019,'Q3',8,'Aug',35,'Wk 4',234),
    ('W965','8/22/2019',2019,'Q3',8,'Aug',35,'Wk 4',235),
    ('W966','8/23/2019',2019,'Q3',8,'Aug',35,'Wk 4',236),
    ('W967','8/24/2019',2019,'Q3',8,'Aug',35,'Wk 4',237),
    ('W968','8/25/2019',2019,'Q3',8,'Aug',35,'Wk 4',238),
    ('W969','8/26/2019',2019,'Q3',8,'Aug',35,'Wk 4',239),
    ('W970','8/27/2019',2019,'Q3',8,'Aug',35,'Wk 4',240),
    ('W971','8/28/2019',2019,'Q3',8,'Aug',36,'Wk 5',241),
    ('W972','8/29/2019',2019,'Q3',8,'Aug',36,'Wk 5',242),
    ('W973','8/30/2019',2019,'Q3',8,'Aug',36,'Wk 5',243),
    ('W974','8/31/2019',2019,'Q3',8,'Aug',36,'Wk 5',244),
    ('W975','9/1/2019',2019,'Q3',9,'Sep',36,'Wk 1',245),
    ('W976','9/2/2019',2019,'Q3',9,'Sep',36,'Wk 1',246),
    ('W977','9/3/2019',2019,'Q3',9,'Sep',36,'Wk 1',247),
    ('W978','9/4/2019',2019,'Q3',9,'Sep',37,'Wk 2',248),
    ('W979','9/5/2019',2019,'Q3',9,'Sep',37,'Wk 2',249),
    ('W980','9/6/2019',2019,'Q3',9,'Sep',37,'Wk 2',250),
    ('W981','9/7/2019',2019,'Q3',9,'Sep',37,'Wk 2',251),
    ('W982','9/8/2019',2019,'Q3',9,'Sep',37,'Wk 2',252),
    ('W983','9/9/2019',2019,'Q3',9,'Sep',37,'Wk 2',253),
    ('W984','9/10/2019',2019,'Q3',9,'Sep',37,'Wk 2',254),
    ('W985','9/11/2019',2019,'Q3',9,'Sep',38,'Wk 3',255),
    ('W986','9/12/2019',2019,'Q3',9,'Sep',38,'Wk 3',256),
    ('W987','9/13/2019',2019,'Q3',9,'Sep',38,'Wk 3',257),
    ('W988','9/14/2019',2019,'Q3',9,'Sep',38,'Wk 3',258),
    ('W989','9/15/2019',2019,'Q3',9,'Sep',38,'Wk 3',259),
    ('W990','9/16/2019',2019,'Q3',9,'Sep',38,'Wk 3',260),
    ('W991','9/17/2019',2019,'Q3',9,'Sep',38,'Wk 3',261),
    ('W992','9/18/2019',2019,'Q3',9,'Sep',39,'Wk 4',262),
    ('W993','9/19/2019',2019,'Q3',9,'Sep',39,'Wk 4',263),
    ('W994','9/20/2019',2019,'Q3',9,'Sep',39,'Wk 4',264),
    ('W995','9/21/2019',2019,'Q3',9,'Sep',39,'Wk 4',265),
    ('W996','9/22/2019',2019,'Q3',9,'Sep',39,'Wk 4',266),
    ('W997','9/23/2019',2019,'Q3',9,'Sep',39,'Wk 4',267),
    ('W998','9/24/2019',2019,'Q3',9,'Sep',39,'Wk 4',268),
    ('W999','9/25/2019',2019,'Q3',9,'Sep',40,'Wk 5',269),
    ('W1000','9/26/2019',2019,'Q3',9,'Sep',40,'Wk 5',270),
    ('W1001','9/27/2019',2019,'Q3',9,'Sep',40,'Wk 5',271),
    ('W1002','9/28/2019',2019,'Q3',9,'Sep',40,'Wk 5',272),
    ('W1003','9/29/2019',2019,'Q3',9,'Sep',40,'Wk 5',273),
    ('W1004','9/30/2019',2019,'Q3',9,'Sep',40,'Wk 5',274),
    ('W1005','10/1/2019',2019,'Q4',10,'Oct',40,'Wk 1',275),
    ('W1006','10/2/2019',2019,'Q4',10,'Oct',41,'Wk 2',276),
    ('W1007','10/3/2019',2019,'Q4',10,'Oct',41,'Wk 2',277),
    ('W1008','10/4/2019',2019,'Q4',10,'Oct',41,'Wk 2',278),
    ('W1009','10/5/2019',2019,'Q4',10,'Oct',41,'Wk 2',279),
    ('W1010','10/6/2019',2019,'Q4',10,'Oct',41,'Wk 2',280),
    ('W1011','10/7/2019',2019,'Q4',10,'Oct',41,'Wk 2',281),
    ('W1012','10/8/2019',2019,'Q4',10,'Oct',41,'Wk 2',282),
    ('W1013','10/9/2019',2019,'Q4',10,'Oct',42,'Wk 3',283),
    ('W1014','10/10/2019',2019,'Q4',10,'Oct',42,'Wk 3',284),
    ('W1015','10/11/2019',2019,'Q4',10,'Oct',42,'Wk 3',285),
    ('W1016','10/12/2019',2019,'Q4',10,'Oct',42,'Wk 3',286),
    ('W1017','10/13/2019',2019,'Q4',10,'Oct',42,'Wk 3',287),
    ('W1018','10/14/2019',2019,'Q4',10,'Oct',42,'Wk 3',288),
    ('W1019','10/15/2019',2019,'Q4',10,'Oct',42,'Wk 3',289),
    ('W1020','10/16/2019',2019,'Q4',10,'Oct',43,'Wk 4',290),
    ('W1021','10/17/2019',2019,'Q4',10,'Oct',43,'Wk 4',291),
    ('W1022','10/18/2019',2019,'Q4',10,'Oct',43,'Wk 4',292),
    ('W1023','10/19/2019',2019,'Q4',10,'Oct',43,'Wk 4',293),
    ('W1024','10/20/2019',2019,'Q4',10,'Oct',43,'Wk 4',294),
    ('W1025','10/21/2019',2019,'Q4',10,'Oct',43,'Wk 4',295),
    ('W1026','10/22/2019',2019,'Q4',10,'Oct',43,'Wk 4',296),
    ('W1027','10/23/2019',2019,'Q4',10,'Oct',44,'Wk 5',297),
    ('W1028','10/24/2019',2019,'Q4',10,'Oct',44,'Wk 5',298),
    ('W1029','10/25/2019',2019,'Q4',10,'Oct',44,'Wk 5',299),
    ('W1030','10/26/2019',2019,'Q4',10,'Oct',44,'Wk 5',300),
    ('W1031','10/27/2019',2019,'Q4',10,'Oct',44,'Wk 5',301),
    ('W1032','10/28/2019',2019,'Q4',10,'Oct',44,'Wk 5',302),
    ('W1033','10/29/2019',2019,'Q4',10,'Oct',44,'Wk 5',303),
    ('W1034','10/30/2019',2019,'Q4',10,'Oct',45,'Wk 6',304),
    ('W1035','10/31/2019',2019,'Q4',10,'Oct',45,'Wk 6',305),
    ('W1036','11/1/2019',2019,'Q4',11,'Nov',45,'Wk 1',306),
    ('W1037','11/2/2019',2019,'Q4',11,'Nov',45,'Wk 1',307),
    ('W1038','11/3/2019',2019,'Q4',11,'Nov',45,'Wk 1',308),
    ('W1039','11/4/2019',2019,'Q4',11,'Nov',45,'Wk 1',309),
    ('W1040','11/5/2019',2019,'Q4',11,'Nov',45,'Wk 1',310),
    ('W1041','11/6/2019',2019,'Q4',11,'Nov',46,'Wk 2',311),
    ('W1042','11/7/2019',2019,'Q4',11,'Nov',46,'Wk 2',312),
    ('W1043','11/8/2019',2019,'Q4',11,'Nov',46,'Wk 2',313),
    ('W1044','11/9/2019',2019,'Q4',11,'Nov',46,'Wk 2',314),
    ('W1045','11/10/2019',2019,'Q4',11,'Nov',46,'Wk 2',315),
    ('W1046','11/11/2019',2019,'Q4',11,'Nov',46,'Wk 2',316),
    ('W1047','11/12/2019',2019,'Q4',11,'Nov',46,'Wk 2',317),
    ('W1048','11/13/2019',2019,'Q4',11,'Nov',47,'Wk 3',318),
    ('W1049','11/14/2019',2019,'Q4',11,'Nov',47,'Wk 3',319),
    ('W1050','11/15/2019',2019,'Q4',11,'Nov',47,'Wk 3',320),
    ('W1051','11/16/2019',2019,'Q4',11,'Nov',47,'Wk 3',321),
    ('W1052','11/17/2019',2019,'Q4',11,'Nov',47,'Wk 3',322),
    ('W1053','11/18/2019',2019,'Q4',11,'Nov',47,'Wk 3',323),
    ('W1054','11/19/2019',2019,'Q4',11,'Nov',47,'Wk 3',324),
    ('W1055','11/20/2019',2019,'Q4',11,'Nov',48,'Wk 4',325),
    ('W1056','11/21/2019',2019,'Q4',11,'Nov',48,'Wk 4',326),
    ('W1057','11/22/2019',2019,'Q4',11,'Nov',48,'Wk 4',327),
    ('W1058','11/23/2019',2019,'Q4',11,'Nov',48,'Wk 4',328),
    ('W1059','11/24/2019',2019,'Q4',11,'Nov',48,'Wk 4',329),
    ('W1060','11/25/2019',2019,'Q4',11,'Nov',48,'Wk 4',330),
    ('W1061','11/26/2019',2019,'Q4',11,'Nov',48,'Wk 4',331),
    ('W1062','11/27/2019',2019,'Q4',11,'Nov',49,'Wk 5',332),
    ('W1063','11/28/2019',2019,'Q4',11,'Nov',49,'Wk 5',333),
    ('W1064','11/29/2019',2019,'Q4',11,'Nov',49,'Wk 5',334),
    ('W1065','11/30/2019',2019,'Q4',11,'Nov',49,'Wk 5',335),
    ('W1066','12/1/2019',2019,'Q4',12,'Dec',49,'Wk 1',336),
    ('W1067','12/2/2019',2019,'Q4',12,'Dec',49,'Wk 1',337),
    ('W1068','12/3/2019',2019,'Q4',12,'Dec',49,'Wk 1',338),
    ('W1069','12/4/2019',2019,'Q4',12,'Dec',50,'Wk 2',339),
    ('W1070','12/5/2019',2019,'Q4',12,'Dec',50,'Wk 2',340),
    ('W1071','12/6/2019',2019,'Q4',12,'Dec',50,'Wk 2',341),
    ('W1072','12/7/2019',2019,'Q4',12,'Dec',50,'Wk 2',342),
    ('W1073','12/8/2019',2019,'Q4',12,'Dec',50,'Wk 2',343),
    ('W1074','12/9/2019',2019,'Q4',12,'Dec',50,'Wk 2',344),
    ('W1075','12/10/2019',2019,'Q4',12,'Dec',50,'Wk 2',345),
    ('W1076','12/11/2019',2019,'Q4',12,'Dec',51,'Wk 3',346),
    ('W1077','12/12/2019',2019,'Q4',12,'Dec',51,'Wk 3',347),
    ('W1078','12/13/2019',2019,'Q4',12,'Dec',51,'Wk 3',348),
    ('W1079','12/14/2019',2019,'Q4',12,'Dec',51,'Wk 3',349),
    ('W1080','12/15/2019',2019,'Q4',12,'Dec',51,'Wk 3',350),
    ('W1081','12/16/2019',2019,'Q4',12,'Dec',51,'Wk 3',351),
    ('W1082','12/17/2019',2019,'Q4',12,'Dec',51,'Wk 3',352),
    ('W1083','12/18/2019',2019,'Q4',12,'Dec',52,'Wk 4',353),
    ('W1084','12/19/2019',2019,'Q4',12,'Dec',52,'Wk 4',354),
    ('W1085','12/20/2019',2019,'Q4',12,'Dec',52,'Wk 4',355),
    ('W1086','12/21/2019',2019,'Q4',12,'Dec',52,'Wk 4',356),
    ('W1087','12/22/2019',2019,'Q4',12,'Dec',52,'Wk 4',357),
    ('W1088','12/23/2019',2019,'Q4',12,'Dec',52,'Wk 4',358),
    ('W1089','12/24/2019',2019,'Q4',12,'Dec',52,'Wk 4',359),
    ('W1090','12/25/2019',2019,'Q4',12,'Dec',53,'Wk 5',360),
    ('W1091','12/26/2019',2019,'Q4',12,'Dec',53,'Wk 5',361),
    ('W1092','12/27/2019',2019,'Q4',12,'Dec',53,'Wk 5',362),
    ('W1093','12/28/2019',2019,'Q4',12,'Dec',53,'Wk 5',363),
    ('W1094','12/29/2019',2019,'Q4',12,'Dec',53,'Wk 5',364),
    ('W1095','12/30/2019',2019,'Q4',12,'Dec',53,'Wk 5',365),
    ('W1096','12/31/2019',2019,'Q4',12,'Dec',53,'Wk 5',366);

